Ano;"Bloco Econômico";"Código CUCI Subgrupo";"Descrição CUCI Subgrupo";"Quilograma Líquido"
2019;"União Europeia - UE";2222;Soja;4792451962
2019;"União Europeia - UE";0711;"Café não torrado, mesmo descafeinado";1080687572
2019;"União Europeia - UE";6343;"Madeira compensada, madeira folheada e madeiras estratificadas semelhantes";325345123
2019;"União Europeia - UE";2461;"Madeira em estilhas ou em partículas";257633164
2019;"União Europeia - UE";2462;"Serragem e resíduos de madeira e sucata, mesmo aglomerados em bolas, briquetes, pellets ou em formas semelhantes";161027155
2019;"União Europeia - UE";6114;"Couros e peles de bovinos (incluindo os búfalos) ou de equídeos, curtidos ou em crosta ou não preparados após curtimento ou após secagem, depilados, mesmo divididos";138934626
2019;"União Europeia - UE";2484;"Madeira de espécies não coníferas especificada na posição 2475 serrada ou fendida longitudinalmente, cortada ou desenrolada, mesmo aplainada, polida ou unida pelas extremidades, de espessura superior a 6 mm";114988728
2019;"União Europeia - UE";2485;"Madeira de espécies não coníferas, perfilada (com espigas, ranhuras, filetes, entalhes, chanfrada, com juntas em V, com cercadura, boleada ou semelhantes) ao longo de suas bordas, pontas ou faces, mesmo aplainada, polida ou unida pelas extremidades.";96019935
2019;"União Europeia - UE";2479;"Outras madeiras em bruto ou simplesmente esquadriada";69059930
2019;"União Europeia - UE";0112;"Carne bovina congelada";40793832
2019;"União Europeia - UE";2482;"Madeira de coníferas, serrada ou fendida longitudinalmente, cortada ou desenrolada, mesmo aplainada, polida ou unida pelas extremidades, de espessura superior a 6 mm";36221540
2019;"União Europeia - UE";8215;"Outros móveis, de madeira";25424057
2019;"União Europeia - UE";6359;"Outros artigos manufaturados de madeira";21751293
2019;"União Europeia - UE";0111;"Carne bovina fresca ou refrigerada";19702721
2019;"União Europeia - UE";6349;"Madeira, em forma simples";14713967
2019;"União Europeia - UE";6345;"Painéis de fibras de madeira ou de outras matérias lenhosas, mesmo aglomeradas com resinas ou outras substâncias orgânicas";12245297
2019;"União Europeia - UE";0713;"Extratos, essências e concentrados de café e preparações à base destes produtos ou à base de café, sucedâneos do café e respectivos extractos, essências e concentrados";10437724
2019;"União Europeia - UE";2450;"Lenha (excluindo resíduos de madeira) e carvão vegetal";8849163
2019;"União Europeia - UE";6342;"Madeira densificada e painéis de partículas, painéis de partículas orientadas (OSB) e painéis semelhantes, de madeira ou de outras matérias lenhosas";3589138
2019;"União Europeia - UE";6341;"Folhas para folheados,folhas para contraplacados ou para madeiras estratificadas semelhantes e outras madeiras,serradas longitudinalmente, cortada ou desenrolada,mesmo aplainada,polida ou unidas longitudinalmente ou pelas extremidades, espessura <= 6 mm";2471983
2019;"União Europeia - UE";2322;"Borracha reconstituída, desperdícios e resíduos de borracha não endurecida";2336266
2019;"União Europeia - UE";2483;"Madeira de coníferas, perfilada (com espigas, ranhuras, filetes, entalhes, chanfrada, com juntas em V, com cercadura, boleada ou semelhantes) ao longo de uma ou mais bordas ou faces, mesmo ou não aplainada, polida ou unida pelas extremidades.";1561179
2019;"União Europeia - UE";6211;"Borracha misturada, não vulcanizada, em formas primárias ou em chapas, folhas ou tiras";1493042
2019;"União Europeia - UE";4211;"Óleo de soja e respectivas frações";997853
2019;"União Europeia - UE";6299;"Disco de borracha, obras de borracha endurecida ou de borracha vulcanizada não endurecida";564962
2019;"União Europeia - UE";4222;"Óleo de palma e suas frações";538056
2019;"União Europeia - UE";6354;"Manufaturas de madeira para uso doméstico ou decorativo (exceto móveis)";278158
2019;"União Europeia - UE";6214;"Tubos, canos e mangueiras, de borracha vulcanizada não endurecida, com ou sem seus acessórios (por exemplo, juntas, cotovelos, bridas).";270059
2019;"União Europeia - UE";6213;"Fios e cabos de borracha vulcanizada , chapas, folhas, tiras, varetas e perfis, de borracha vulcanizada não endurecida";258164
2019;"União Europeia - UE";2474;"Madeira de coníferas, em bruto (mesmo descascada ou alburno) ou simplesmente esquadriada, mas não tratada com tinta, corantes ou outros conservantes.";175335
2019;"União Europeia - UE";0712;"Café torrado";46622
2019;"União Europeia - UE";6292;"Correias transportadoras ou de transmissão, de borracha vulcanizada";22756
2019;"União Europeia - UE";6212;"Outras formas (ex. varetas, tubos, perfis) e artigos (por exemplo, discos, arruelas), de borracha não vulcanizada";9193
2019;"União Europeia - UE";0175;"Carne e miudezas (exceto fígado) de bovinos, preparado ou preservado";7383
2019;"União Europeia - UE";2311;"Látex de borracha natural, mesmo pré-vulcanizado";194
2019;"União Europeia - UE";2312;"Borracha natural (exceto látex)";17
2018;"União Europeia - UE";2222;Soja;4698634925
2018;"União Europeia - UE";0711;"Café não torrado, mesmo descafeinado";916186562
2018;"União Europeia - UE";6343;"Madeira compensada, madeira folheada e madeiras estratificadas semelhantes";415149255
2018;"União Europeia - UE";2461;"Madeira em estilhas ou em partículas";362654212
2018;"União Europeia - UE";6114;"Couros e peles de bovinos (incluindo os búfalos) ou de equídeos, curtidos ou em crosta ou não preparados após curtimento ou após secagem, depilados, mesmo divididos";140283349
2018;"União Europeia - UE";2484;"Madeira de espécies não coníferas especificada na posição 2475 serrada ou fendida longitudinalmente, cortada ou desenrolada, mesmo aplainada, polida ou unida pelas extremidades, de espessura superior a 6 mm";120586757
2018;"União Europeia - UE";2462;"Serragem e resíduos de madeira e sucata, mesmo aglomerados em bolas, briquetes, pellets ou em formas semelhantes";74730428
2018;"União Europeia - UE";2485;"Madeira de espécies não coníferas, perfilada (com espigas, ranhuras, filetes, entalhes, chanfrada, com juntas em V, com cercadura, boleada ou semelhantes) ao longo de suas bordas, pontas ou faces, mesmo aplainada, polida ou unida pelas extremidades.";72423337
2018;"União Europeia - UE";0112;"Carne bovina congelada";43718862
2018;"União Europeia - UE";6345;"Painéis de fibras de madeira ou de outras matérias lenhosas, mesmo aglomeradas com resinas ou outras substâncias orgânicas";33472869
2018;"União Europeia - UE";2482;"Madeira de coníferas, serrada ou fendida longitudinalmente, cortada ou desenrolada, mesmo aplainada, polida ou unida pelas extremidades, de espessura superior a 6 mm";30477931
2018;"União Europeia - UE";6359;"Outros artigos manufaturados de madeira";24141483
2018;"União Europeia - UE";8215;"Outros móveis, de madeira";22400772
2018;"União Europeia - UE";0111;"Carne bovina fresca ou refrigerada";21801700
2018;"União Europeia - UE";4222;"Óleo de palma e suas frações";12672936
2018;"União Europeia - UE";6349;"Madeira, em forma simples";10293944
2018;"União Europeia - UE";0713;"Extratos, essências e concentrados de café e preparações à base destes produtos ou à base de café, sucedâneos do café e respectivos extractos, essências e concentrados";7191433
2018;"União Europeia - UE";2322;"Borracha reconstituída, desperdícios e resíduos de borracha não endurecida";3698720
2018;"União Europeia - UE";6342;"Madeira densificada e painéis de partículas, painéis de partículas orientadas (OSB) e painéis semelhantes, de madeira ou de outras matérias lenhosas";3013195
2018;"União Europeia - UE";6341;"Folhas para folheados,folhas para contraplacados ou para madeiras estratificadas semelhantes e outras madeiras,serradas longitudinalmente, cortada ou desenrolada,mesmo aplainada,polida ou unidas longitudinalmente ou pelas extremidades, espessura <= 6 mm";1919272
2018;"União Europeia - UE";2483;"Madeira de coníferas, perfilada (com espigas, ranhuras, filetes, entalhes, chanfrada, com juntas em V, com cercadura, boleada ou semelhantes) ao longo de uma ou mais bordas ou faces, mesmo ou não aplainada, polida ou unida pelas extremidades.";1755129
2018;"União Europeia - UE";6211;"Borracha misturada, não vulcanizada, em formas primárias ou em chapas, folhas ou tiras";834501
2018;"União Europeia - UE";6299;"Disco de borracha, obras de borracha endurecida ou de borracha vulcanizada não endurecida";817952
2018;"União Europeia - UE";4211;"Óleo de soja e respectivas frações";719254
2018;"União Europeia - UE";2450;"Lenha (excluindo resíduos de madeira) e carvão vegetal";708361
2018;"União Europeia - UE";2479;"Outras madeiras em bruto ou simplesmente esquadriada";594602
2018;"União Europeia - UE";6213;"Fios e cabos de borracha vulcanizada , chapas, folhas, tiras, varetas e perfis, de borracha vulcanizada não endurecida";315793
2018;"União Europeia - UE";2475;"Madeira de espécies não coníferas, em bruto (mesmo descascada ou alburno) ou simplesmente esquadriada, mas não tratada com tinta, manchas ou outros agentes de conservação das madeiras tropicais";85940
2018;"União Europeia - UE";6292;"Correias transportadoras ou de transmissão, de borracha vulcanizada";71177
2018;"União Europeia - UE";6214;"Tubos, canos e mangueiras, de borracha vulcanizada não endurecida, com ou sem seus acessórios (por exemplo, juntas, cotovelos, bridas).";70107
2018;"União Europeia - UE";0712;"Café torrado";63399
2018;"União Europeia - UE";6354;"Manufaturas de madeira para uso doméstico ou decorativo (exceto móveis)";56740
2018;"União Europeia - UE";6212;"Outras formas (ex. varetas, tubos, perfis) e artigos (por exemplo, discos, arruelas), de borracha não vulcanizada";20546
2018;"União Europeia - UE";2112;"Couros e peles de bovinos (incluindo os búfalos) ou de equídeos (frescos, ou salgados, secos, em conserva ou conservados de outro modo, mas não curtidos, apergaminhados ou preparadas de outro modo), ou não depilados ou divididos";3960
2018;"União Europeia - UE";2474;"Madeira de coníferas, em bruto (mesmo descascada ou alburno) ou simplesmente esquadriada, mas não tratada com tinta, corantes ou outros conservantes.";2643
2018;"União Europeia - UE";0175;"Carne e miudezas (exceto fígado) de bovinos, preparado ou preservado";2011
2018;"União Europeia - UE";2312;"Borracha natural (exceto látex)";178
2018;"União Europeia - UE";2311;"Látex de borracha natural, mesmo pré-vulcanizado";95
2017;"União Europeia - UE";2222;Soja;4547239449
2017;"União Europeia - UE";0711;"Café não torrado, mesmo descafeinado";839182414
2017;"União Europeia - UE";6343;"Madeira compensada, madeira folheada e madeiras estratificadas semelhantes";345826218
2017;"União Europeia - UE";6114;"Couros e peles de bovinos (incluindo os búfalos) ou de equídeos, curtidos ou em crosta ou não preparados após curtimento ou após secagem, depilados, mesmo divididos";138079219
2017;"União Europeia - UE";2461;"Madeira em estilhas ou em partículas";133972450
2017;"União Europeia - UE";2484;"Madeira de espécies não coníferas especificada na posição 2475 serrada ou fendida longitudinalmente, cortada ou desenrolada, mesmo aplainada, polida ou unida pelas extremidades, de espessura superior a 6 mm";95350131
2017;"União Europeia - UE";2485;"Madeira de espécies não coníferas, perfilada (com espigas, ranhuras, filetes, entalhes, chanfrada, com juntas em V, com cercadura, boleada ou semelhantes) ao longo de suas bordas, pontas ou faces, mesmo aplainada, polida ou unida pelas extremidades.";65948652
2017;"União Europeia - UE";2462;"Serragem e resíduos de madeira e sucata, mesmo aglomerados em bolas, briquetes, pellets ou em formas semelhantes";56059374
2017;"União Europeia - UE";0112;"Carne bovina congelada";37177408
2017;"União Europeia - UE";4222;"Óleo de palma e suas frações";24041921
2017;"União Europeia - UE";0111;"Carne bovina fresca ou refrigerada";22521828
2017;"União Europeia - UE";8215;"Outros móveis, de madeira";21724562
2017;"União Europeia - UE";6359;"Outros artigos manufaturados de madeira";20977240
2017;"União Europeia - UE";6345;"Painéis de fibras de madeira ou de outras matérias lenhosas, mesmo aglomeradas com resinas ou outras substâncias orgânicas";15472520
2017;"União Europeia - UE";2482;"Madeira de coníferas, serrada ou fendida longitudinalmente, cortada ou desenrolada, mesmo aplainada, polida ou unida pelas extremidades, de espessura superior a 6 mm";14138193
2017;"União Europeia - UE";0713;"Extratos, essências e concentrados de café e preparações à base destes produtos ou à base de café, sucedâneos do café e respectivos extractos, essências e concentrados";8089148
2017;"União Europeia - UE";6349;"Madeira, em forma simples";7540989
2017;"União Europeia - UE";2322;"Borracha reconstituída, desperdícios e resíduos de borracha não endurecida";4680450
2017;"União Europeia - UE";6341;"Folhas para folheados,folhas para contraplacados ou para madeiras estratificadas semelhantes e outras madeiras,serradas longitudinalmente, cortada ou desenrolada,mesmo aplainada,polida ou unidas longitudinalmente ou pelas extremidades, espessura <= 6 mm";2932381
2017;"União Europeia - UE";6342;"Madeira densificada e painéis de partículas, painéis de partículas orientadas (OSB) e painéis semelhantes, de madeira ou de outras matérias lenhosas";2410792
2017;"União Europeia - UE";2483;"Madeira de coníferas, perfilada (com espigas, ranhuras, filetes, entalhes, chanfrada, com juntas em V, com cercadura, boleada ou semelhantes) ao longo de uma ou mais bordas ou faces, mesmo ou não aplainada, polida ou unida pelas extremidades.";1431736
2017;"União Europeia - UE";6299;"Disco de borracha, obras de borracha endurecida ou de borracha vulcanizada não endurecida";768683
2017;"União Europeia - UE";4211;"Óleo de soja e respectivas frações";462688
2017;"União Europeia - UE";6213;"Fios e cabos de borracha vulcanizada , chapas, folhas, tiras, varetas e perfis, de borracha vulcanizada não endurecida";377591
2017;"União Europeia - UE";6211;"Borracha misturada, não vulcanizada, em formas primárias ou em chapas, folhas ou tiras";322358
2017;"União Europeia - UE";2450;"Lenha (excluindo resíduos de madeira) e carvão vegetal";241306
2017;"União Europeia - UE";2479;"Outras madeiras em bruto ou simplesmente esquadriada";194981
2017;"União Europeia - UE";0712;"Café torrado";129881
2017;"União Europeia - UE";6292;"Correias transportadoras ou de transmissão, de borracha vulcanizada";101616
2017;"União Europeia - UE";6214;"Tubos, canos e mangueiras, de borracha vulcanizada não endurecida, com ou sem seus acessórios (por exemplo, juntas, cotovelos, bridas).";84625
2017;"União Europeia - UE";2112;"Couros e peles de bovinos (incluindo os búfalos) ou de equídeos (frescos, ou salgados, secos, em conserva ou conservados de outro modo, mas não curtidos, apergaminhados ou preparadas de outro modo), ou não depilados ou divididos";75629
2017;"União Europeia - UE";2475;"Madeira de espécies não coníferas, em bruto (mesmo descascada ou alburno) ou simplesmente esquadriada, mas não tratada com tinta, manchas ou outros agentes de conservação das madeiras tropicais";35839
2017;"União Europeia - UE";2312;"Borracha natural (exceto látex)";27810
2017;"União Europeia - UE";6212;"Outras formas (ex. varetas, tubos, perfis) e artigos (por exemplo, discos, arruelas), de borracha não vulcanizada";25059
2017;"União Europeia - UE";6354;"Manufaturas de madeira para uso doméstico ou decorativo (exceto móveis)";13726
2017;"União Europeia - UE";2311;"Látex de borracha natural, mesmo pré-vulcanizado";20
2016;"União Europeia - UE";2222;Soja;4886427014
2016;"União Europeia - UE";0711;"Café não torrado, mesmo descafeinado";949289319
2016;"União Europeia - UE";6343;"Madeira compensada, madeira folheada e madeiras estratificadas semelhantes";312419850
2016;"União Europeia - UE";2461;"Madeira em estilhas ou em partículas";219636070
2016;"União Europeia - UE";6114;"Couros e peles de bovinos (incluindo os búfalos) ou de equídeos, curtidos ou em crosta ou não preparados após curtimento ou após secagem, depilados, mesmo divididos";122038270
2016;"União Europeia - UE";2484;"Madeira de espécies não coníferas especificada na posição 2475 serrada ou fendida longitudinalmente, cortada ou desenrolada, mesmo aplainada, polida ou unida pelas extremidades, de espessura superior a 6 mm";97195566
2016;"União Europeia - UE";2485;"Madeira de espécies não coníferas, perfilada (com espigas, ranhuras, filetes, entalhes, chanfrada, com juntas em V, com cercadura, boleada ou semelhantes) ao longo de suas bordas, pontas ou faces, mesmo aplainada, polida ou unida pelas extremidades.";64702876
2016;"União Europeia - UE";4222;"Óleo de palma e suas frações";39245248
2016;"União Europeia - UE";2462;"Serragem e resíduos de madeira e sucata, mesmo aglomerados em bolas, briquetes, pellets ou em formas semelhantes";35567779
2016;"União Europeia - UE";0112;"Carne bovina congelada";35265583
2016;"União Europeia - UE";0111;"Carne bovina fresca ou refrigerada";25643749
2016;"União Europeia - UE";6359;"Outros artigos manufaturados de madeira";24983697
2016;"União Europeia - UE";8215;"Outros móveis, de madeira";21491745
2016;"União Europeia - UE";2482;"Madeira de coníferas, serrada ou fendida longitudinalmente, cortada ou desenrolada, mesmo aplainada, polida ou unida pelas extremidades, de espessura superior a 6 mm";16394742
2016;"União Europeia - UE";6345;"Painéis de fibras de madeira ou de outras matérias lenhosas, mesmo aglomeradas com resinas ou outras substâncias orgânicas";16166147
2016;"União Europeia - UE";0713;"Extratos, essências e concentrados de café e preparações à base destes produtos ou à base de café, sucedâneos do café e respectivos extractos, essências e concentrados";11069586
2016;"União Europeia - UE";6349;"Madeira, em forma simples";7460870
2016;"União Europeia - UE";2322;"Borracha reconstituída, desperdícios e resíduos de borracha não endurecida";6236000
2016;"União Europeia - UE";2450;"Lenha (excluindo resíduos de madeira) e carvão vegetal";2760154
2016;"União Europeia - UE";6341;"Folhas para folheados,folhas para contraplacados ou para madeiras estratificadas semelhantes e outras madeiras,serradas longitudinalmente, cortada ou desenrolada,mesmo aplainada,polida ou unidas longitudinalmente ou pelas extremidades, espessura <= 6 mm";2590317
2016;"União Europeia - UE";6342;"Madeira densificada e painéis de partículas, painéis de partículas orientadas (OSB) e painéis semelhantes, de madeira ou de outras matérias lenhosas";1771506
2016;"União Europeia - UE";2483;"Madeira de coníferas, perfilada (com espigas, ranhuras, filetes, entalhes, chanfrada, com juntas em V, com cercadura, boleada ou semelhantes) ao longo de uma ou mais bordas ou faces, mesmo ou não aplainada, polida ou unida pelas extremidades.";1079364
2016;"União Europeia - UE";6299;"Disco de borracha, obras de borracha endurecida ou de borracha vulcanizada não endurecida";591967
2016;"União Europeia - UE";6211;"Borracha misturada, não vulcanizada, em formas primárias ou em chapas, folhas ou tiras";578722
2016;"União Europeia - UE";0712;"Café torrado";444640
2016;"União Europeia - UE";2112;"Couros e peles de bovinos (incluindo os búfalos) ou de equídeos (frescos, ou salgados, secos, em conserva ou conservados de outro modo, mas não curtidos, apergaminhados ou preparadas de outro modo), ou não depilados ou divididos";370720
2016;"União Europeia - UE";6213;"Fios e cabos de borracha vulcanizada , chapas, folhas, tiras, varetas e perfis, de borracha vulcanizada não endurecida";320502
2016;"União Europeia - UE";4211;"Óleo de soja e respectivas frações";279738
2016;"União Europeia - UE";2479;"Outras madeiras em bruto ou simplesmente esquadriada";122069
2016;"União Europeia - UE";6212;"Outras formas (ex. varetas, tubos, perfis) e artigos (por exemplo, discos, arruelas), de borracha não vulcanizada";90763
2016;"União Europeia - UE";6214;"Tubos, canos e mangueiras, de borracha vulcanizada não endurecida, com ou sem seus acessórios (por exemplo, juntas, cotovelos, bridas).";62114
2016;"União Europeia - UE";6292;"Correias transportadoras ou de transmissão, de borracha vulcanizada";55298
2016;"União Europeia - UE";6354;"Manufaturas de madeira para uso doméstico ou decorativo (exceto móveis)";26573
2016;"União Europeia - UE";2312;"Borracha natural (exceto látex)";127
2016;"União Europeia - UE";2311;"Látex de borracha natural, mesmo pré-vulcanizado";27
2015;"União Europeia - UE";2222;Soja;5248786739
2015;"União Europeia - UE";0711;"Café não torrado, mesmo descafeinado";983893282
2015;"União Europeia - UE";6343;"Madeira compensada, madeira folheada e madeiras estratificadas semelhantes";333666597
2015;"União Europeia - UE";2461;"Madeira em estilhas ou em partículas";139045980
2015;"União Europeia - UE";6114;"Couros e peles de bovinos (incluindo os búfalos) ou de equídeos, curtidos ou em crosta ou não preparados após curtimento ou após secagem, depilados, mesmo divididos";112375685
2015;"União Europeia - UE";4222;"Óleo de palma e suas frações";92071992
2015;"União Europeia - UE";2484;"Madeira de espécies não coníferas especificada na posição 2475 serrada ou fendida longitudinalmente, cortada ou desenrolada, mesmo aplainada, polida ou unida pelas extremidades, de espessura superior a 6 mm";87173861
2015;"União Europeia - UE";2485;"Madeira de espécies não coníferas, perfilada (com espigas, ranhuras, filetes, entalhes, chanfrada, com juntas em V, com cercadura, boleada ou semelhantes) ao longo de suas bordas, pontas ou faces, mesmo aplainada, polida ou unida pelas extremidades.";69719566
2015;"União Europeia - UE";0112;"Carne bovina congelada";38234859
2015;"União Europeia - UE";6359;"Outros artigos manufaturados de madeira";26190254
2015;"União Europeia - UE";0111;"Carne bovina fresca ou refrigerada";24742948
2015;"União Europeia - UE";2462;"Serragem e resíduos de madeira e sucata, mesmo aglomerados em bolas, briquetes, pellets ou em formas semelhantes";24396234
2015;"União Europeia - UE";8215;"Outros móveis, de madeira";20512764
2015;"União Europeia - UE";6345;"Painéis de fibras de madeira ou de outras matérias lenhosas, mesmo aglomeradas com resinas ou outras substâncias orgânicas";13657118
2015;"União Europeia - UE";0713;"Extratos, essências e concentrados de café e preparações à base destes produtos ou à base de café, sucedâneos do café e respectivos extractos, essências e concentrados";10342210
2015;"União Europeia - UE";6349;"Madeira, em forma simples";7051402
2015;"União Europeia - UE";2482;"Madeira de coníferas, serrada ou fendida longitudinalmente, cortada ou desenrolada, mesmo aplainada, polida ou unida pelas extremidades, de espessura superior a 6 mm";6514375
2015;"União Europeia - UE";2322;"Borracha reconstituída, desperdícios e resíduos de borracha não endurecida";5423294
2015;"União Europeia - UE";6341;"Folhas para folheados,folhas para contraplacados ou para madeiras estratificadas semelhantes e outras madeiras,serradas longitudinalmente, cortada ou desenrolada,mesmo aplainada,polida ou unidas longitudinalmente ou pelas extremidades, espessura <= 6 mm";2559899
2015;"União Europeia - UE";6292;"Correias transportadoras ou de transmissão, de borracha vulcanizada";1538214
2015;"União Europeia - UE";2483;"Madeira de coníferas, perfilada (com espigas, ranhuras, filetes, entalhes, chanfrada, com juntas em V, com cercadura, boleada ou semelhantes) ao longo de uma ou mais bordas ou faces, mesmo ou não aplainada, polida ou unida pelas extremidades.";1277915
2015;"União Europeia - UE";6342;"Madeira densificada e painéis de partículas, painéis de partículas orientadas (OSB) e painéis semelhantes, de madeira ou de outras matérias lenhosas";894548
2015;"União Europeia - UE";6299;"Disco de borracha, obras de borracha endurecida ou de borracha vulcanizada não endurecida";627222
2015;"União Europeia - UE";6211;"Borracha misturada, não vulcanizada, em formas primárias ou em chapas, folhas ou tiras";517388
2015;"União Europeia - UE";0712;"Café torrado";464582
2015;"União Europeia - UE";4211;"Óleo de soja e respectivas frações";433450
2015;"União Europeia - UE";6213;"Fios e cabos de borracha vulcanizada , chapas, folhas, tiras, varetas e perfis, de borracha vulcanizada não endurecida";383009
2015;"União Europeia - UE";2112;"Couros e peles de bovinos (incluindo os búfalos) ou de equídeos (frescos, ou salgados, secos, em conserva ou conservados de outro modo, mas não curtidos, apergaminhados ou preparadas de outro modo), ou não depilados ou divididos";245860
2015;"União Europeia - UE";2450;"Lenha (excluindo resíduos de madeira) e carvão vegetal";158360
2015;"União Europeia - UE";6214;"Tubos, canos e mangueiras, de borracha vulcanizada não endurecida, com ou sem seus acessórios (por exemplo, juntas, cotovelos, bridas).";104368
2015;"União Europeia - UE";6212;"Outras formas (ex. varetas, tubos, perfis) e artigos (por exemplo, discos, arruelas), de borracha não vulcanizada";104228
2015;"União Europeia - UE";2479;"Outras madeiras em bruto ou simplesmente esquadriada";69694
2015;"União Europeia - UE";6354;"Manufaturas de madeira para uso doméstico ou decorativo (exceto móveis)";27584
2015;"União Europeia - UE";2311;"Látex de borracha natural, mesmo pré-vulcanizado";1276
2015;"União Europeia - UE";2312;"Borracha natural (exceto látex)";29
2014;"União Europeia - UE";2222;Soja;5838800600
2014;"União Europeia - UE";0711;"Café não torrado, mesmo descafeinado";1044126514
2014;"União Europeia - UE";6343;"Madeira compensada, madeira folheada e madeiras estratificadas semelhantes";319363809
2014;"União Europeia - UE";2461;"Madeira em estilhas ou em partículas";161790340
2014;"União Europeia - UE";6114;"Couros e peles de bovinos (incluindo os búfalos) ou de equídeos, curtidos ou em crosta ou não preparados após curtimento ou após secagem, depilados, mesmo divididos";103306550
2014;"União Europeia - UE";2484;"Madeira de espécies não coníferas especificada na posição 2475 serrada ou fendida longitudinalmente, cortada ou desenrolada, mesmo aplainada, polida ou unida pelas extremidades, de espessura superior a 6 mm";95531553
2014;"União Europeia - UE";2485;"Madeira de espécies não coníferas, perfilada (com espigas, ranhuras, filetes, entalhes, chanfrada, com juntas em V, com cercadura, boleada ou semelhantes) ao longo de suas bordas, pontas ou faces, mesmo aplainada, polida ou unida pelas extremidades.";63633154
2014;"União Europeia - UE";4222;"Óleo de palma e suas frações";60274972
2014;"União Europeia - UE";0112;"Carne bovina congelada";39618551
2014;"União Europeia - UE";6359;"Outros artigos manufaturados de madeira";37760130
2014;"União Europeia - UE";0111;"Carne bovina fresca ou refrigerada";25490428
2014;"União Europeia - UE";8215;"Outros móveis, de madeira";19997055
2014;"União Europeia - UE";6345;"Painéis de fibras de madeira ou de outras matérias lenhosas, mesmo aglomeradas com resinas ou outras substâncias orgânicas";12317848
2014;"União Europeia - UE";0713;"Extratos, essências e concentrados de café e preparações à base destes produtos ou à base de café, sucedâneos do café e respectivos extractos, essências e concentrados";9609652
2014;"União Europeia - UE";2462;"Serragem e resíduos de madeira e sucata, mesmo aglomerados em bolas, briquetes, pellets ou em formas semelhantes";6368880
2014;"União Europeia - UE";6349;"Madeira, em forma simples";4322506
2014;"União Europeia - UE";2322;"Borracha reconstituída, desperdícios e resíduos de borracha não endurecida";4017130
2014;"União Europeia - UE";2482;"Madeira de coníferas, serrada ou fendida longitudinalmente, cortada ou desenrolada, mesmo aplainada, polida ou unida pelas extremidades, de espessura superior a 6 mm";3750232
2014;"União Europeia - UE";6341;"Folhas para folheados,folhas para contraplacados ou para madeiras estratificadas semelhantes e outras madeiras,serradas longitudinalmente, cortada ou desenrolada,mesmo aplainada,polida ou unidas longitudinalmente ou pelas extremidades, espessura <= 6 mm";2122527
2014;"União Europeia - UE";4211;"Óleo de soja e respectivas frações";1792575
2014;"União Europeia - UE";2483;"Madeira de coníferas, perfilada (com espigas, ranhuras, filetes, entalhes, chanfrada, com juntas em V, com cercadura, boleada ou semelhantes) ao longo de uma ou mais bordas ou faces, mesmo ou não aplainada, polida ou unida pelas extremidades.";901244
2014;"União Europeia - UE";6299;"Disco de borracha, obras de borracha endurecida ou de borracha vulcanizada não endurecida";627119
2014;"União Europeia - UE";6342;"Madeira densificada e painéis de partículas, painéis de partículas orientadas (OSB) e painéis semelhantes, de madeira ou de outras matérias lenhosas";513430
2014;"União Europeia - UE";6211;"Borracha misturada, não vulcanizada, em formas primárias ou em chapas, folhas ou tiras";509533
2014;"União Europeia - UE";6213;"Fios e cabos de borracha vulcanizada , chapas, folhas, tiras, varetas e perfis, de borracha vulcanizada não endurecida";354671
2014;"União Europeia - UE";0712;"Café torrado";285164
2014;"União Europeia - UE";2112;"Couros e peles de bovinos (incluindo os búfalos) ou de equídeos (frescos, ou salgados, secos, em conserva ou conservados de outro modo, mas não curtidos, apergaminhados ou preparadas de outro modo), ou não depilados ou divididos";118015
2014;"União Europeia - UE";6212;"Outras formas (ex. varetas, tubos, perfis) e artigos (por exemplo, discos, arruelas), de borracha não vulcanizada";101637
2014;"União Europeia - UE";6214;"Tubos, canos e mangueiras, de borracha vulcanizada não endurecida, com ou sem seus acessórios (por exemplo, juntas, cotovelos, bridas).";96011
2014;"União Europeia - UE";2479;"Outras madeiras em bruto ou simplesmente esquadriada";51911
2014;"União Europeia - UE";6354;"Manufaturas de madeira para uso doméstico ou decorativo (exceto móveis)";22568
2014;"União Europeia - UE";2473;"Madeira em bruto (mesmo descascada ou alburno) ou simplesmente esquadriada, tratada com tinta, corantes ou outros agentes de conservação";21000
2014;"União Europeia - UE";6292;"Correias transportadoras ou de transmissão, de borracha vulcanizada";20538
2014;"União Europeia - UE";2311;"Látex de borracha natural, mesmo pré-vulcanizado";993
2014;"União Europeia - UE";2312;"Borracha natural (exceto látex)";1
2013;"União Europeia - UE";2222;Soja;4686635386
2013;"União Europeia - UE";0711;"Café não torrado, mesmo descafeinado";878985329
2013;"União Europeia - UE";6343;"Madeira compensada, madeira folheada e madeiras estratificadas semelhantes";304182354
2013;"União Europeia - UE";6114;"Couros e peles de bovinos (incluindo os búfalos) ou de equídeos, curtidos ou em crosta ou não preparados após curtimento ou após secagem, depilados, mesmo divididos";139421219
2013;"União Europeia - UE";2461;"Madeira em estilhas ou em partículas";83463300
2013;"União Europeia - UE";2484;"Madeira de espécies não coníferas especificada na posição 2475 serrada ou fendida longitudinalmente, cortada ou desenrolada, mesmo aplainada, polida ou unida pelas extremidades, de espessura superior a 6 mm";76263274
2013;"União Europeia - UE";4222;"Óleo de palma e suas frações";70911185
2013;"União Europeia - UE";2485;"Madeira de espécies não coníferas, perfilada (com espigas, ranhuras, filetes, entalhes, chanfrada, com juntas em V, com cercadura, boleada ou semelhantes) ao longo de suas bordas, pontas ou faces, mesmo aplainada, polida ou unida pelas extremidades.";54687545
2013;"União Europeia - UE";0112;"Carne bovina congelada";41560293
2013;"União Europeia - UE";6359;"Outros artigos manufaturados de madeira";41402460
2013;"União Europeia - UE";4211;"Óleo de soja e respectivas frações";26054830
2013;"União Europeia - UE";0111;"Carne bovina fresca ou refrigerada";23643956
2013;"União Europeia - UE";8215;"Outros móveis, de madeira";21003061
2013;"União Europeia - UE";6345;"Painéis de fibras de madeira ou de outras matérias lenhosas, mesmo aglomeradas com resinas ou outras substâncias orgânicas";11367710
2013;"União Europeia - UE";0713;"Extratos, essências e concentrados de café e preparações à base destes produtos ou à base de café, sucedâneos do café e respectivos extractos, essências e concentrados";10236102
2013;"União Europeia - UE";6349;"Madeira, em forma simples";3386056
2013;"União Europeia - UE";2482;"Madeira de coníferas, serrada ou fendida longitudinalmente, cortada ou desenrolada, mesmo aplainada, polida ou unida pelas extremidades, de espessura superior a 6 mm";2727363
2013;"União Europeia - UE";2322;"Borracha reconstituída, desperdícios e resíduos de borracha não endurecida";2592218
2013;"União Europeia - UE";6341;"Folhas para folheados,folhas para contraplacados ou para madeiras estratificadas semelhantes e outras madeiras,serradas longitudinalmente, cortada ou desenrolada,mesmo aplainada,polida ou unidas longitudinalmente ou pelas extremidades, espessura <= 6 mm";2113722
2013;"União Europeia - UE";2483;"Madeira de coníferas, perfilada (com espigas, ranhuras, filetes, entalhes, chanfrada, com juntas em V, com cercadura, boleada ou semelhantes) ao longo de uma ou mais bordas ou faces, mesmo ou não aplainada, polida ou unida pelas extremidades.";1553809
2013;"União Europeia - UE";6299;"Disco de borracha, obras de borracha endurecida ou de borracha vulcanizada não endurecida";787722
2013;"União Europeia - UE";6211;"Borracha misturada, não vulcanizada, em formas primárias ou em chapas, folhas ou tiras";430015
2013;"União Europeia - UE";6213;"Fios e cabos de borracha vulcanizada , chapas, folhas, tiras, varetas e perfis, de borracha vulcanizada não endurecida";347651
2013;"União Europeia - UE";0712;"Café torrado";249543
2013;"União Europeia - UE";2112;"Couros e peles de bovinos (incluindo os búfalos) ou de equídeos (frescos, ou salgados, secos, em conserva ou conservados de outro modo, mas não curtidos, apergaminhados ou preparadas de outro modo), ou não depilados ou divididos";189747
2013;"União Europeia - UE";2462;"Serragem e resíduos de madeira e sucata, mesmo aglomerados em bolas, briquetes, pellets ou em formas semelhantes";173194
2013;"União Europeia - UE";6212;"Outras formas (ex. varetas, tubos, perfis) e artigos (por exemplo, discos, arruelas), de borracha não vulcanizada";124681
2013;"União Europeia - UE";6214;"Tubos, canos e mangueiras, de borracha vulcanizada não endurecida, com ou sem seus acessórios (por exemplo, juntas, cotovelos, bridas).";122689
2013;"União Europeia - UE";6342;"Madeira densificada e painéis de partículas, painéis de partículas orientadas (OSB) e painéis semelhantes, de madeira ou de outras matérias lenhosas";105084
2013;"União Europeia - UE";6292;"Correias transportadoras ou de transmissão, de borracha vulcanizada";47217
2013;"União Europeia - UE";2479;"Outras madeiras em bruto ou simplesmente esquadriada";25196
2013;"União Europeia - UE";6354;"Manufaturas de madeira para uso doméstico ou decorativo (exceto móveis)";24511
2013;"União Europeia - UE";2473;"Madeira em bruto (mesmo descascada ou alburno) ou simplesmente esquadriada, tratada com tinta, corantes ou outros agentes de conservação";21000
2013;"União Europeia - UE";2311;"Látex de borracha natural, mesmo pré-vulcanizado";28
2013;"União Europeia - UE";2312;"Borracha natural (exceto látex)";4
2012;"União Europeia - UE";2222;Soja;4870509465
2012;"União Europeia - UE";0711;"Café não torrado, mesmo descafeinado";780517717
2012;"União Europeia - UE";6343;"Madeira compensada, madeira folheada e madeiras estratificadas semelhantes";281321430
2012;"União Europeia - UE";6114;"Couros e peles de bovinos (incluindo os búfalos) ou de equídeos, curtidos ou em crosta ou não preparados após curtimento ou após secagem, depilados, mesmo divididos";111981535
2012;"União Europeia - UE";2484;"Madeira de espécies não coníferas especificada na posição 2475 serrada ou fendida longitudinalmente, cortada ou desenrolada, mesmo aplainada, polida ou unida pelas extremidades, de espessura superior a 6 mm";97863103
2012;"União Europeia - UE";2485;"Madeira de espécies não coníferas, perfilada (com espigas, ranhuras, filetes, entalhes, chanfrada, com juntas em V, com cercadura, boleada ou semelhantes) ao longo de suas bordas, pontas ou faces, mesmo aplainada, polida ou unida pelas extremidades.";71977837
2012;"União Europeia - UE";4222;"Óleo de palma e suas frações";63261568
2012;"União Europeia - UE";4211;"Óleo de soja e respectivas frações";35152498
2012;"União Europeia - UE";0112;"Carne bovina congelada";33925890
2012;"União Europeia - UE";6359;"Outros artigos manufaturados de madeira";29448407
2012;"União Europeia - UE";8215;"Outros móveis, de madeira";26711612
2012;"União Europeia - UE";0111;"Carne bovina fresca ou refrigerada";19505487
2012;"União Europeia - UE";0713;"Extratos, essências e concentrados de café e preparações à base destes produtos ou à base de café, sucedâneos do café e respectivos extractos, essências e concentrados";14051389
2012;"União Europeia - UE";6345;"Painéis de fibras de madeira ou de outras matérias lenhosas, mesmo aglomeradas com resinas ou outras substâncias orgânicas";13937219
2012;"União Europeia - UE";2482;"Madeira de coníferas, serrada ou fendida longitudinalmente, cortada ou desenrolada, mesmo aplainada, polida ou unida pelas extremidades, de espessura superior a 6 mm";5021175
2012;"União Europeia - UE";6349;"Madeira, em forma simples";3630755
2012;"União Europeia - UE";2483;"Madeira de coníferas, perfilada (com espigas, ranhuras, filetes, entalhes, chanfrada, com juntas em V, com cercadura, boleada ou semelhantes) ao longo de uma ou mais bordas ou faces, mesmo ou não aplainada, polida ou unida pelas extremidades.";3221711
2012;"União Europeia - UE";2322;"Borracha reconstituída, desperdícios e resíduos de borracha não endurecida";2378028
2012;"União Europeia - UE";6341;"Folhas para folheados,folhas para contraplacados ou para madeiras estratificadas semelhantes e outras madeiras,serradas longitudinalmente, cortada ou desenrolada,mesmo aplainada,polida ou unidas longitudinalmente ou pelas extremidades, espessura <= 6 mm";2206087
2012;"União Europeia - UE";6342;"Madeira densificada e painéis de partículas, painéis de partículas orientadas (OSB) e painéis semelhantes, de madeira ou de outras matérias lenhosas";1821085
2012;"União Europeia - UE";2479;"Outras madeiras em bruto ou simplesmente esquadriada";1457510
2012;"União Europeia - UE";6299;"Disco de borracha, obras de borracha endurecida ou de borracha vulcanizada não endurecida";827741
2012;"União Europeia - UE";6211;"Borracha misturada, não vulcanizada, em formas primárias ou em chapas, folhas ou tiras";662720
2012;"União Europeia - UE";6213;"Fios e cabos de borracha vulcanizada , chapas, folhas, tiras, varetas e perfis, de borracha vulcanizada não endurecida";402411
2012;"União Europeia - UE";0712;"Café torrado";299348
2012;"União Europeia - UE";6214;"Tubos, canos e mangueiras, de borracha vulcanizada não endurecida, com ou sem seus acessórios (por exemplo, juntas, cotovelos, bridas).";280118
2012;"União Europeia - UE";6212;"Outras formas (ex. varetas, tubos, perfis) e artigos (por exemplo, discos, arruelas), de borracha não vulcanizada";240131
2012;"União Europeia - UE";2112;"Couros e peles de bovinos (incluindo os búfalos) ou de equídeos (frescos, ou salgados, secos, em conserva ou conservados de outro modo, mas não curtidos, apergaminhados ou preparadas de outro modo), ou não depilados ou divididos";163464
2012;"União Europeia - UE";6292;"Correias transportadoras ou de transmissão, de borracha vulcanizada";45868
2012;"União Europeia - UE";6354;"Manufaturas de madeira para uso doméstico ou decorativo (exceto móveis)";23044
2012;"União Europeia - UE";2461;"Madeira em estilhas ou em partículas";9100
2012;"União Europeia - UE";2462;"Serragem e resíduos de madeira e sucata, mesmo aglomerados em bolas, briquetes, pellets ou em formas semelhantes";8350
2012;"União Europeia - UE";2311;"Látex de borracha natural, mesmo pré-vulcanizado";42
2011;"União Europeia - UE";2222;Soja;4893801341
2011;"União Europeia - UE";0711;"Café não torrado, mesmo descafeinado";923868058
2011;"União Europeia - UE";6343;"Madeira compensada, madeira folheada e madeiras estratificadas semelhantes";272664946
2011;"União Europeia - UE";4211;"Óleo de soja e respectivas frações";145571796
2011;"União Europeia - UE";2484;"Madeira de espécies não coníferas especificada na posição 2475 serrada ou fendida longitudinalmente, cortada ou desenrolada, mesmo aplainada, polida ou unida pelas extremidades, de espessura superior a 6 mm";139910806
2011;"União Europeia - UE";2485;"Madeira de espécies não coníferas, perfilada (com espigas, ranhuras, filetes, entalhes, chanfrada, com juntas em V, com cercadura, boleada ou semelhantes) ao longo de suas bordas, pontas ou faces, mesmo aplainada, polida ou unida pelas extremidades.";118509853
2011;"União Europeia - UE";6114;"Couros e peles de bovinos (incluindo os búfalos) ou de equídeos, curtidos ou em crosta ou não preparados após curtimento ou após secagem, depilados, mesmo divididos";102982396
2011;"União Europeia - UE";2461;"Madeira em estilhas ou em partículas";42057690
2011;"União Europeia - UE";6359;"Outros artigos manufaturados de madeira";39758540
2011;"União Europeia - UE";4222;"Óleo de palma e suas frações";37688496
2011;"União Europeia - UE";8215;"Outros móveis, de madeira";35659937
2011;"União Europeia - UE";0112;"Carne bovina congelada";28428021
2011;"União Europeia - UE";0111;"Carne bovina fresca ou refrigerada";18204196
2011;"União Europeia - UE";6345;"Painéis de fibras de madeira ou de outras matérias lenhosas, mesmo aglomeradas com resinas ou outras substâncias orgânicas";15946622
2011;"União Europeia - UE";0713;"Extratos, essências e concentrados de café e preparações à base destes produtos ou à base de café, sucedâneos do café e respectivos extractos, essências e concentrados";12932219
2011;"União Europeia - UE";2482;"Madeira de coníferas, serrada ou fendida longitudinalmente, cortada ou desenrolada, mesmo aplainada, polida ou unida pelas extremidades, de espessura superior a 6 mm";8271616
2011;"União Europeia - UE";2483;"Madeira de coníferas, perfilada (com espigas, ranhuras, filetes, entalhes, chanfrada, com juntas em V, com cercadura, boleada ou semelhantes) ao longo de uma ou mais bordas ou faces, mesmo ou não aplainada, polida ou unida pelas extremidades.";6868856
2011;"União Europeia - UE";6349;"Madeira, em forma simples";3159638
2011;"União Europeia - UE";6341;"Folhas para folheados,folhas para contraplacados ou para madeiras estratificadas semelhantes e outras madeiras,serradas longitudinalmente, cortada ou desenrolada,mesmo aplainada,polida ou unidas longitudinalmente ou pelas extremidades, espessura <= 6 mm";3125222
2011;"União Europeia - UE";2322;"Borracha reconstituída, desperdícios e resíduos de borracha não endurecida";2197002
2011;"União Europeia - UE";6342;"Madeira densificada e painéis de partículas, painéis de partículas orientadas (OSB) e painéis semelhantes, de madeira ou de outras matérias lenhosas";1107815
2011;"União Europeia - UE";0712;"Café torrado";982109
2011;"União Europeia - UE";2475;"Madeira de espécies não coníferas, em bruto (mesmo descascada ou alburno) ou simplesmente esquadriada, mas não tratada com tinta, manchas ou outros agentes de conservação das madeiras tropicais";868002
2011;"União Europeia - UE";6299;"Disco de borracha, obras de borracha endurecida ou de borracha vulcanizada não endurecida";755233
2011;"União Europeia - UE";6211;"Borracha misturada, não vulcanizada, em formas primárias ou em chapas, folhas ou tiras";687990
2011;"União Europeia - UE";6213;"Fios e cabos de borracha vulcanizada , chapas, folhas, tiras, varetas e perfis, de borracha vulcanizada não endurecida";506042
2011;"União Europeia - UE";6212;"Outras formas (ex. varetas, tubos, perfis) e artigos (por exemplo, discos, arruelas), de borracha não vulcanizada";250171
2011;"União Europeia - UE";2450;"Lenha (excluindo resíduos de madeira) e carvão vegetal";183114
2011;"União Europeia - UE";6214;"Tubos, canos e mangueiras, de borracha vulcanizada não endurecida, com ou sem seus acessórios (por exemplo, juntas, cotovelos, bridas).";139471
2011;"União Europeia - UE";2462;"Serragem e resíduos de madeira e sucata, mesmo aglomerados em bolas, briquetes, pellets ou em formas semelhantes";128310
2011;"União Europeia - UE";6354;"Manufaturas de madeira para uso doméstico ou decorativo (exceto móveis)";107970
2011;"União Europeia - UE";2112;"Couros e peles de bovinos (incluindo os búfalos) ou de equídeos (frescos, ou salgados, secos, em conserva ou conservados de outro modo, mas não curtidos, apergaminhados ou preparadas de outro modo), ou não depilados ou divididos";84815
2011;"União Europeia - UE";6292;"Correias transportadoras ou de transmissão, de borracha vulcanizada";42531
2011;"União Europeia - UE";2479;"Outras madeiras em bruto ou simplesmente esquadriada";25473
2011;"União Europeia - UE";2312;"Borracha natural (exceto látex)";252
2011;"União Europeia - UE";2311;"Látex de borracha natural, mesmo pré-vulcanizado";192
2010;"União Europeia - UE";2222;Soja;5323694271
2010;"União Europeia - UE";0711;"Café não torrado, mesmo descafeinado";970813317
2010;"União Europeia - UE";6343;"Madeira compensada, madeira folheada e madeiras estratificadas semelhantes";312432041
2010;"União Europeia - UE";2484;"Madeira de espécies não coníferas especificada na posição 2475 serrada ou fendida longitudinalmente, cortada ou desenrolada, mesmo aplainada, polida ou unida pelas extremidades, de espessura superior a 6 mm";161846357
2010;"União Europeia - UE";2485;"Madeira de espécies não coníferas, perfilada (com espigas, ranhuras, filetes, entalhes, chanfrada, com juntas em V, com cercadura, boleada ou semelhantes) ao longo de suas bordas, pontas ou faces, mesmo aplainada, polida ou unida pelas extremidades.";116829167
2010;"União Europeia - UE";6114;"Couros e peles de bovinos (incluindo os búfalos) ou de equídeos, curtidos ou em crosta ou não preparados após curtimento ou após secagem, depilados, mesmo divididos";114980347
2010;"União Europeia - UE";2461;"Madeira em estilhas ou em partículas";85443990
2010;"União Europeia - UE";8215;"Outros móveis, de madeira";64573253
2010;"União Europeia - UE";4211;"Óleo de soja e respectivas frações";58506871
2010;"União Europeia - UE";6345;"Painéis de fibras de madeira ou de outras matérias lenhosas, mesmo aglomeradas com resinas ou outras substâncias orgânicas";36849575
2010;"União Europeia - UE";6359;"Outros artigos manufaturados de madeira";26928547
2010;"União Europeia - UE";0112;"Carne bovina congelada";23973128
2010;"União Europeia - UE";0111;"Carne bovina fresca ou refrigerada";18653962
2010;"União Europeia - UE";2482;"Madeira de coníferas, serrada ou fendida longitudinalmente, cortada ou desenrolada, mesmo aplainada, polida ou unida pelas extremidades, de espessura superior a 6 mm";11863640
2010;"União Europeia - UE";0713;"Extratos, essências e concentrados de café e preparações à base destes produtos ou à base de café, sucedâneos do café e respectivos extractos, essências e concentrados";11353043
2010;"União Europeia - UE";2483;"Madeira de coníferas, perfilada (com espigas, ranhuras, filetes, entalhes, chanfrada, com juntas em V, com cercadura, boleada ou semelhantes) ao longo de uma ou mais bordas ou faces, mesmo ou não aplainada, polida ou unida pelas extremidades.";8023970
2010;"União Europeia - UE";4222;"Óleo de palma e suas frações";7985037
2010;"União Europeia - UE";6349;"Madeira, em forma simples";4901806
2010;"União Europeia - UE";6342;"Madeira densificada e painéis de partículas, painéis de partículas orientadas (OSB) e painéis semelhantes, de madeira ou de outras matérias lenhosas";4109051
2010;"União Europeia - UE";6341;"Folhas para folheados,folhas para contraplacados ou para madeiras estratificadas semelhantes e outras madeiras,serradas longitudinalmente, cortada ou desenrolada,mesmo aplainada,polida ou unidas longitudinalmente ou pelas extremidades, espessura <= 6 mm";3631833
2010;"União Europeia - UE";2322;"Borracha reconstituída, desperdícios e resíduos de borracha não endurecida";2506300
2010;"União Europeia - UE";0712;"Café torrado";1096787
2010;"União Europeia - UE";2450;"Lenha (excluindo resíduos de madeira) e carvão vegetal";687545
2010;"União Europeia - UE";6213;"Fios e cabos de borracha vulcanizada , chapas, folhas, tiras, varetas e perfis, de borracha vulcanizada não endurecida";647679
2010;"União Europeia - UE";6299;"Disco de borracha, obras de borracha endurecida ou de borracha vulcanizada não endurecida";644228
2010;"União Europeia - UE";2475;"Madeira de espécies não coníferas, em bruto (mesmo descascada ou alburno) ou simplesmente esquadriada, mas não tratada com tinta, manchas ou outros agentes de conservação das madeiras tropicais";544899
2010;"União Europeia - UE";6211;"Borracha misturada, não vulcanizada, em formas primárias ou em chapas, folhas ou tiras";469703
2010;"União Europeia - UE";6354;"Manufaturas de madeira para uso doméstico ou decorativo (exceto móveis)";227489
2010;"União Europeia - UE";2462;"Serragem e resíduos de madeira e sucata, mesmo aglomerados em bolas, briquetes, pellets ou em formas semelhantes";219300
2010;"União Europeia - UE";6212;"Outras formas (ex. varetas, tubos, perfis) e artigos (por exemplo, discos, arruelas), de borracha não vulcanizada";217138
2010;"União Europeia - UE";2479;"Outras madeiras em bruto ou simplesmente esquadriada";117237
2010;"União Europeia - UE";6292;"Correias transportadoras ou de transmissão, de borracha vulcanizada";103778
2010;"União Europeia - UE";6214;"Tubos, canos e mangueiras, de borracha vulcanizada não endurecida, com ou sem seus acessórios (por exemplo, juntas, cotovelos, bridas).";100962
2010;"União Europeia - UE";2112;"Couros e peles de bovinos (incluindo os búfalos) ou de equídeos (frescos, ou salgados, secos, em conserva ou conservados de outro modo, mas não curtidos, apergaminhados ou preparadas de outro modo), ou não depilados ou divididos";69511
2010;"União Europeia - UE";2311;"Látex de borracha natural, mesmo pré-vulcanizado";180
2010;"União Europeia - UE";2312;"Borracha natural (exceto látex)";1
2009;"União Europeia - UE";2222;Soja;8030825380
2009;"União Europeia - UE";0711;"Café não torrado, mesmo descafeinado";914302608
2009;"União Europeia - UE";6343;"Madeira compensada, madeira folheada e madeiras estratificadas semelhantes";279475299
2009;"União Europeia - UE";4211;"Óleo de soja e respectivas frações";178547611
2009;"União Europeia - UE";2484;"Madeira de espécies não coníferas especificada na posição 2475 serrada ou fendida longitudinalmente, cortada ou desenrolada, mesmo aplainada, polida ou unida pelas extremidades, de espessura superior a 6 mm";158340219
2009;"União Europeia - UE";2485;"Madeira de espécies não coníferas, perfilada (com espigas, ranhuras, filetes, entalhes, chanfrada, com juntas em V, com cercadura, boleada ou semelhantes) ao longo de suas bordas, pontas ou faces, mesmo aplainada, polida ou unida pelas extremidades.";106525930
2009;"União Europeia - UE";6114;"Couros e peles de bovinos (incluindo os búfalos) ou de equídeos, curtidos ou em crosta ou não preparados após curtimento ou após secagem, depilados, mesmo divididos";98130387
2009;"União Europeia - UE";8215;"Outros móveis, de madeira";72726607
2009;"União Europeia - UE";2461;"Madeira em estilhas ou em partículas";66401500
2009;"União Europeia - UE";6345;"Painéis de fibras de madeira ou de outras matérias lenhosas, mesmo aglomeradas com resinas ou outras substâncias orgânicas";43069858
2009;"União Europeia - UE";0112;"Carne bovina congelada";27484019
2009;"União Europeia - UE";6359;"Outros artigos manufaturados de madeira";18828689
2009;"União Europeia - UE";2482;"Madeira de coníferas, serrada ou fendida longitudinalmente, cortada ou desenrolada, mesmo aplainada, polida ou unida pelas extremidades, de espessura superior a 6 mm";17349950
2009;"União Europeia - UE";0111;"Carne bovina fresca ou refrigerada";16216436
2009;"União Europeia - UE";6349;"Madeira, em forma simples";9813275
2009;"União Europeia - UE";0713;"Extratos, essências e concentrados de café e preparações à base destes produtos ou à base de café, sucedâneos do café e respectivos extractos, essências e concentrados";8765490
2009;"União Europeia - UE";4222;"Óleo de palma e suas frações";8213582
2009;"União Europeia - UE";6342;"Madeira densificada e painéis de partículas, painéis de partículas orientadas (OSB) e painéis semelhantes, de madeira ou de outras matérias lenhosas";7764479
2009;"União Europeia - UE";2483;"Madeira de coníferas, perfilada (com espigas, ranhuras, filetes, entalhes, chanfrada, com juntas em V, com cercadura, boleada ou semelhantes) ao longo de uma ou mais bordas ou faces, mesmo ou não aplainada, polida ou unida pelas extremidades.";3832161
2009;"União Europeia - UE";6341;"Folhas para folheados,folhas para contraplacados ou para madeiras estratificadas semelhantes e outras madeiras,serradas longitudinalmente, cortada ou desenrolada,mesmo aplainada,polida ou unidas longitudinalmente ou pelas extremidades, espessura <= 6 mm";3373400
2009;"União Europeia - UE";2450;"Lenha (excluindo resíduos de madeira) e carvão vegetal";3333606
2009;"União Europeia - UE";2322;"Borracha reconstituída, desperdícios e resíduos de borracha não endurecida";3001440
2009;"União Europeia - UE";2481;"Dormentes de madeira ou dormentes transversais";1111752
2009;"União Europeia - UE";0712;"Café torrado";998510
2009;"União Europeia - UE";6211;"Borracha misturada, não vulcanizada, em formas primárias ou em chapas, folhas ou tiras";686431
2009;"União Europeia - UE";2475;"Madeira de espécies não coníferas, em bruto (mesmo descascada ou alburno) ou simplesmente esquadriada, mas não tratada com tinta, manchas ou outros agentes de conservação das madeiras tropicais";565018
2009;"União Europeia - UE";2462;"Serragem e resíduos de madeira e sucata, mesmo aglomerados em bolas, briquetes, pellets ou em formas semelhantes";558000
2009;"União Europeia - UE";6299;"Disco de borracha, obras de borracha endurecida ou de borracha vulcanizada não endurecida";488860
2009;"União Europeia - UE";6213;"Fios e cabos de borracha vulcanizada , chapas, folhas, tiras, varetas e perfis, de borracha vulcanizada não endurecida";469029
2009;"União Europeia - UE";6354;"Manufaturas de madeira para uso doméstico ou decorativo (exceto móveis)";223934
2009;"União Europeia - UE";6212;"Outras formas (ex. varetas, tubos, perfis) e artigos (por exemplo, discos, arruelas), de borracha não vulcanizada";135522
2009;"União Europeia - UE";6214;"Tubos, canos e mangueiras, de borracha vulcanizada não endurecida, com ou sem seus acessórios (por exemplo, juntas, cotovelos, bridas).";127283
2009;"União Europeia - UE";6292;"Correias transportadoras ou de transmissão, de borracha vulcanizada";71724
2009;"União Europeia - UE";2479;"Outras madeiras em bruto ou simplesmente esquadriada";46847
2009;"União Europeia - UE";2112;"Couros e peles de bovinos (incluindo os búfalos) ou de equídeos (frescos, ou salgados, secos, em conserva ou conservados de outro modo, mas não curtidos, apergaminhados ou preparadas de outro modo), ou não depilados ou divididos";25888
2009;"União Europeia - UE";2311;"Látex de borracha natural, mesmo pré-vulcanizado";197
2009;"União Europeia - UE";2312;"Borracha natural (exceto látex)";4
2008;"União Europeia - UE";2222;Soja;8390080582
2008;"União Europeia - UE";0711;"Café não torrado, mesmo descafeinado";943683776
2008;"União Europeia - UE";4211;"Óleo de soja e respectivas frações";515756627
2008;"União Europeia - UE";6343;"Madeira compensada, madeira folheada e madeiras estratificadas semelhantes";420149404
2008;"União Europeia - UE";2484;"Madeira de espécies não coníferas especificada na posição 2475 serrada ou fendida longitudinalmente, cortada ou desenrolada, mesmo aplainada, polida ou unida pelas extremidades, de espessura superior a 6 mm";313489167
2008;"União Europeia - UE";2485;"Madeira de espécies não coníferas, perfilada (com espigas, ranhuras, filetes, entalhes, chanfrada, com juntas em V, com cercadura, boleada ou semelhantes) ao longo de suas bordas, pontas ou faces, mesmo aplainada, polida ou unida pelas extremidades.";160490581
2008;"União Europeia - UE";2461;"Madeira em estilhas ou em partículas";126233750
2008;"União Europeia - UE";6114;"Couros e peles de bovinos (incluindo os búfalos) ou de equídeos, curtidos ou em crosta ou não preparados após curtimento ou após secagem, depilados, mesmo divididos";98196857
2008;"União Europeia - UE";8215;"Outros móveis, de madeira";90670799
2008;"União Europeia - UE";2482;"Madeira de coníferas, serrada ou fendida longitudinalmente, cortada ou desenrolada, mesmo aplainada, polida ou unida pelas extremidades, de espessura superior a 6 mm";55383232
2008;"União Europeia - UE";6345;"Painéis de fibras de madeira ou de outras matérias lenhosas, mesmo aglomeradas com resinas ou outras substâncias orgânicas";45912933
2008;"União Europeia - UE";0112;"Carne bovina congelada";24029776
2008;"União Europeia - UE";6359;"Outros artigos manufaturados de madeira";23959256
2008;"União Europeia - UE";6342;"Madeira densificada e painéis de partículas, painéis de partículas orientadas (OSB) e painéis semelhantes, de madeira ou de outras matérias lenhosas";17593350
2008;"União Europeia - UE";0713;"Extratos, essências e concentrados de café e preparações à base destes produtos ou à base de café, sucedâneos do café e respectivos extractos, essências e concentrados";16054229
2008;"União Europeia - UE";6349;"Madeira, em forma simples";14664386
2008;"União Europeia - UE";0111;"Carne bovina fresca ou refrigerada";8996213
2008;"União Europeia - UE";6341;"Folhas para folheados,folhas para contraplacados ou para madeiras estratificadas semelhantes e outras madeiras,serradas longitudinalmente, cortada ou desenrolada,mesmo aplainada,polida ou unidas longitudinalmente ou pelas extremidades, espessura <= 6 mm";6670576
2008;"União Europeia - UE";4222;"Óleo de palma e suas frações";6094148
2008;"União Europeia - UE";2483;"Madeira de coníferas, perfilada (com espigas, ranhuras, filetes, entalhes, chanfrada, com juntas em V, com cercadura, boleada ou semelhantes) ao longo de uma ou mais bordas ou faces, mesmo ou não aplainada, polida ou unida pelas extremidades.";5869670
2008;"União Europeia - UE";2481;"Dormentes de madeira ou dormentes transversais";3998703
2008;"União Europeia - UE";2322;"Borracha reconstituída, desperdícios e resíduos de borracha não endurecida";3165480
2008;"União Europeia - UE";2450;"Lenha (excluindo resíduos de madeira) e carvão vegetal";2693266
2008;"União Europeia - UE";6299;"Disco de borracha, obras de borracha endurecida ou de borracha vulcanizada não endurecida";1807750
2008;"União Europeia - UE";0712;"Café torrado";1101161
2008;"União Europeia - UE";6211;"Borracha misturada, não vulcanizada, em formas primárias ou em chapas, folhas ou tiras";918611
2008;"União Europeia - UE";6213;"Fios e cabos de borracha vulcanizada , chapas, folhas, tiras, varetas e perfis, de borracha vulcanizada não endurecida";650141
2008;"União Europeia - UE";2462;"Serragem e resíduos de madeira e sucata, mesmo aglomerados em bolas, briquetes, pellets ou em formas semelhantes";535656
2008;"União Europeia - UE";2475;"Madeira de espécies não coníferas, em bruto (mesmo descascada ou alburno) ou simplesmente esquadriada, mas não tratada com tinta, manchas ou outros agentes de conservação das madeiras tropicais";440832
2008;"União Europeia - UE";6214;"Tubos, canos e mangueiras, de borracha vulcanizada não endurecida, com ou sem seus acessórios (por exemplo, juntas, cotovelos, bridas).";196355
2008;"União Europeia - UE";6354;"Manufaturas de madeira para uso doméstico ou decorativo (exceto móveis)";166124
2008;"União Europeia - UE";6212;"Outras formas (ex. varetas, tubos, perfis) e artigos (por exemplo, discos, arruelas), de borracha não vulcanizada";121187
2008;"União Europeia - UE";6292;"Correias transportadoras ou de transmissão, de borracha vulcanizada";95469
2008;"União Europeia - UE";2479;"Outras madeiras em bruto ou simplesmente esquadriada";78818
2008;"União Europeia - UE";2112;"Couros e peles de bovinos (incluindo os búfalos) ou de equídeos (frescos, ou salgados, secos, em conserva ou conservados de outro modo, mas não curtidos, apergaminhados ou preparadas de outro modo), ou não depilados ou divididos";21700
2008;"União Europeia - UE";2311;"Látex de borracha natural, mesmo pré-vulcanizado";75
2008;"União Europeia - UE";2312;"Borracha natural (exceto látex)";52
2007;"União Europeia - UE";2222;Soja;9038979393
2007;"União Europeia - UE";0711;"Café não torrado, mesmo descafeinado";870639919
2007;"União Europeia - UE";2484;"Madeira de espécies não coníferas especificada na posição 2475 serrada ou fendida longitudinalmente, cortada ou desenrolada, mesmo aplainada, polida ou unida pelas extremidades, de espessura superior a 6 mm";540378258
2007;"União Europeia - UE";4211;"Óleo de soja e respectivas frações";527571430
2007;"União Europeia - UE";6343;"Madeira compensada, madeira folheada e madeiras estratificadas semelhantes";458423862
2007;"União Europeia - UE";2485;"Madeira de espécies não coníferas, perfilada (com espigas, ranhuras, filetes, entalhes, chanfrada, com juntas em V, com cercadura, boleada ou semelhantes) ao longo de suas bordas, pontas ou faces, mesmo aplainada, polida ou unida pelas extremidades.";228997130
2007;"União Europeia - UE";6114;"Couros e peles de bovinos (incluindo os búfalos) ou de equídeos, curtidos ou em crosta ou não preparados após curtimento ou após secagem, depilados, mesmo divididos";125198789
2007;"União Europeia - UE";2482;"Madeira de coníferas, serrada ou fendida longitudinalmente, cortada ou desenrolada, mesmo aplainada, polida ou unida pelas extremidades, de espessura superior a 6 mm";109797987
2007;"União Europeia - UE";8215;"Outros móveis, de madeira";103270385
2007;"União Europeia - UE";0112;"Carne bovina congelada";100564850
2007;"União Europeia - UE";2461;"Madeira em estilhas ou em partículas";83371420
2007;"União Europeia - UE";0111;"Carne bovina fresca ou refrigerada";73048431
2007;"União Europeia - UE";6345;"Painéis de fibras de madeira ou de outras matérias lenhosas, mesmo aglomeradas com resinas ou outras substâncias orgânicas";59471350
2007;"União Europeia - UE";6342;"Madeira densificada e painéis de partículas, painéis de partículas orientadas (OSB) e painéis semelhantes, de madeira ou de outras matérias lenhosas";40318292
2007;"União Europeia - UE";6349;"Madeira, em forma simples";22865138
2007;"União Europeia - UE";6359;"Outros artigos manufaturados de madeira";21850899
2007;"União Europeia - UE";0713;"Extratos, essências e concentrados de café e preparações à base destes produtos ou à base de café, sucedâneos do café e respectivos extractos, essências e concentrados";13582598
2007;"União Europeia - UE";6341;"Folhas para folheados,folhas para contraplacados ou para madeiras estratificadas semelhantes e outras madeiras,serradas longitudinalmente, cortada ou desenrolada,mesmo aplainada,polida ou unidas longitudinalmente ou pelas extremidades, espessura <= 6 mm";11880097
2007;"União Europeia - UE";2483;"Madeira de coníferas, perfilada (com espigas, ranhuras, filetes, entalhes, chanfrada, com juntas em V, com cercadura, boleada ou semelhantes) ao longo de uma ou mais bordas ou faces, mesmo ou não aplainada, polida ou unida pelas extremidades.";7335816
2007;"União Europeia - UE";2450;"Lenha (excluindo resíduos de madeira) e carvão vegetal";6589658
2007;"União Europeia - UE";2462;"Serragem e resíduos de madeira e sucata, mesmo aglomerados em bolas, briquetes, pellets ou em formas semelhantes";6095644
2007;"União Europeia - UE";2322;"Borracha reconstituída, desperdícios e resíduos de borracha não endurecida";3572008
2007;"União Europeia - UE";2481;"Dormentes de madeira ou dormentes transversais";1708515
2007;"União Europeia - UE";6299;"Disco de borracha, obras de borracha endurecida ou de borracha vulcanizada não endurecida";1690780
2007;"União Europeia - UE";0712;"Café torrado";1045790
2007;"União Europeia - UE";6211;"Borracha misturada, não vulcanizada, em formas primárias ou em chapas, folhas ou tiras";814926
2007;"União Europeia - UE";6213;"Fios e cabos de borracha vulcanizada , chapas, folhas, tiras, varetas e perfis, de borracha vulcanizada não endurecida";756089
2007;"União Europeia - UE";6354;"Manufaturas de madeira para uso doméstico ou decorativo (exceto móveis)";600350
2007;"União Europeia - UE";2475;"Madeira de espécies não coníferas, em bruto (mesmo descascada ou alburno) ou simplesmente esquadriada, mas não tratada com tinta, manchas ou outros agentes de conservação das madeiras tropicais";392214
2007;"União Europeia - UE";2479;"Outras madeiras em bruto ou simplesmente esquadriada";214518
2007;"União Europeia - UE";6214;"Tubos, canos e mangueiras, de borracha vulcanizada não endurecida, com ou sem seus acessórios (por exemplo, juntas, cotovelos, bridas).";194503
2007;"União Europeia - UE";6292;"Correias transportadoras ou de transmissão, de borracha vulcanizada";131964
2007;"União Europeia - UE";2112;"Couros e peles de bovinos (incluindo os búfalos) ou de equídeos (frescos, ou salgados, secos, em conserva ou conservados de outro modo, mas não curtidos, apergaminhados ou preparadas de outro modo), ou não depilados ou divididos";92285
2007;"União Europeia - UE";6212;"Outras formas (ex. varetas, tubos, perfis) e artigos (por exemplo, discos, arruelas), de borracha não vulcanizada";32201
2007;"União Europeia - UE";4222;"Óleo de palma e suas frações";3493
2007;"União Europeia - UE";2311;"Látex de borracha natural, mesmo pré-vulcanizado";368
2007;"União Europeia - UE";2312;"Borracha natural (exceto látex)";9
2006;"União Europeia - UE";2222;Soja;9369967530
2006;"União Europeia - UE";0711;"Café não torrado, mesmo descafeinado";866096923
2006;"União Europeia - UE";4211;"Óleo de soja e respectivas frações";865273306
2006;"União Europeia - UE";2484;"Madeira de espécies não coníferas especificada na posição 2475 serrada ou fendida longitudinalmente, cortada ou desenrolada, mesmo aplainada, polida ou unida pelas extremidades, de espessura superior a 6 mm";464442663
2006;"União Europeia - UE";6343;"Madeira compensada, madeira folheada e madeiras estratificadas semelhantes";359205540
2006;"União Europeia - UE";0112;"Carne bovina congelada";187603411
2006;"União Europeia - UE";2485;"Madeira de espécies não coníferas, perfilada (com espigas, ranhuras, filetes, entalhes, chanfrada, com juntas em V, com cercadura, boleada ou semelhantes) ao longo de suas bordas, pontas ou faces, mesmo aplainada, polida ou unida pelas extremidades.";166173347
2006;"União Europeia - UE";6114;"Couros e peles de bovinos (incluindo os búfalos) ou de equídeos, curtidos ou em crosta ou não preparados após curtimento ou após secagem, depilados, mesmo divididos";145662696
2006;"União Europeia - UE";2462;"Serragem e resíduos de madeira e sucata, mesmo aglomerados em bolas, briquetes, pellets ou em formas semelhantes";135792449
2006;"União Europeia - UE";8215;"Outros móveis, de madeira";98318346
2006;"União Europeia - UE";0111;"Carne bovina fresca ou refrigerada";68586642
2006;"União Europeia - UE";2482;"Madeira de coníferas, serrada ou fendida longitudinalmente, cortada ou desenrolada, mesmo aplainada, polida ou unida pelas extremidades, de espessura superior a 6 mm";63851226
2006;"União Europeia - UE";2461;"Madeira em estilhas ou em partículas";53083413
2006;"União Europeia - UE";6345;"Painéis de fibras de madeira ou de outras matérias lenhosas, mesmo aglomeradas com resinas ou outras substâncias orgânicas";49897565
2006;"União Europeia - UE";6349;"Madeira, em forma simples";26133217
2006;"União Europeia - UE";6342;"Madeira densificada e painéis de partículas, painéis de partículas orientadas (OSB) e painéis semelhantes, de madeira ou de outras matérias lenhosas";21643722
2006;"União Europeia - UE";6359;"Outros artigos manufaturados de madeira";19839611
2006;"União Europeia - UE";0713;"Extratos, essências e concentrados de café e preparações à base destes produtos ou à base de café, sucedâneos do café e respectivos extractos, essências e concentrados";14830546
2006;"União Europeia - UE";6341;"Folhas para folheados,folhas para contraplacados ou para madeiras estratificadas semelhantes e outras madeiras,serradas longitudinalmente, cortada ou desenrolada,mesmo aplainada,polida ou unidas longitudinalmente ou pelas extremidades, espessura <= 6 mm";13160568
2006;"União Europeia - UE";2450;"Lenha (excluindo resíduos de madeira) e carvão vegetal";6919476
2006;"União Europeia - UE";2322;"Borracha reconstituída, desperdícios e resíduos de borracha não endurecida";3306090
2006;"União Europeia - UE";2483;"Madeira de coníferas, perfilada (com espigas, ranhuras, filetes, entalhes, chanfrada, com juntas em V, com cercadura, boleada ou semelhantes) ao longo de uma ou mais bordas ou faces, mesmo ou não aplainada, polida ou unida pelas extremidades.";2326497
2006;"União Europeia - UE";6299;"Disco de borracha, obras de borracha endurecida ou de borracha vulcanizada não endurecida";1991568
2006;"União Europeia - UE";2479;"Outras madeiras em bruto ou simplesmente esquadriada";1548541
2006;"União Europeia - UE";2481;"Dormentes de madeira ou dormentes transversais";1346908
2006;"União Europeia - UE";0712;"Café torrado";1152363
2006;"União Europeia - UE";4222;"Óleo de palma e suas frações";1132646
2006;"União Europeia - UE";6354;"Manufaturas de madeira para uso doméstico ou decorativo (exceto móveis)";978302
2006;"União Europeia - UE";6213;"Fios e cabos de borracha vulcanizada , chapas, folhas, tiras, varetas e perfis, de borracha vulcanizada não endurecida";835928
2006;"União Europeia - UE";6214;"Tubos, canos e mangueiras, de borracha vulcanizada não endurecida, com ou sem seus acessórios (por exemplo, juntas, cotovelos, bridas).";565037
2006;"União Europeia - UE";6211;"Borracha misturada, não vulcanizada, em formas primárias ou em chapas, folhas ou tiras";504847
2006;"União Europeia - UE";2475;"Madeira de espécies não coníferas, em bruto (mesmo descascada ou alburno) ou simplesmente esquadriada, mas não tratada com tinta, manchas ou outros agentes de conservação das madeiras tropicais";383500
2006;"União Europeia - UE";2112;"Couros e peles de bovinos (incluindo os búfalos) ou de equídeos (frescos, ou salgados, secos, em conserva ou conservados de outro modo, mas não curtidos, apergaminhados ou preparadas de outro modo), ou não depilados ou divididos";332148
2006;"União Europeia - UE";2474;"Madeira de coníferas, em bruto (mesmo descascada ou alburno) ou simplesmente esquadriada, mas não tratada com tinta, corantes ou outros conservantes.";292800
2006;"União Europeia - UE";6292;"Correias transportadoras ou de transmissão, de borracha vulcanizada";115161
2006;"União Europeia - UE";6212;"Outras formas (ex. varetas, tubos, perfis) e artigos (por exemplo, discos, arruelas), de borracha não vulcanizada";33999
2006;"União Europeia - UE";2311;"Látex de borracha natural, mesmo pré-vulcanizado";33
2006;"União Europeia - UE";2312;"Borracha natural (exceto látex)";15
2005;"União Europeia - UE";2222;Soja;10343034568
2005;"União Europeia - UE";0711;"Café não torrado, mesmo descafeinado";788667643
2005;"União Europeia - UE";2484;"Madeira de espécies não coníferas especificada na posição 2475 serrada ou fendida longitudinalmente, cortada ou desenrolada, mesmo aplainada, polida ou unida pelas extremidades, de espessura superior a 6 mm";552296663
2005;"União Europeia - UE";6343;"Madeira compensada, madeira folheada e madeiras estratificadas semelhantes";321559225
2005;"União Europeia - UE";4211;"Óleo de soja e respectivas frações";235063700
2005;"União Europeia - UE";0112;"Carne bovina congelada";165913193
2005;"União Europeia - UE";2485;"Madeira de espécies não coníferas, perfilada (com espigas, ranhuras, filetes, entalhes, chanfrada, com juntas em V, com cercadura, boleada ou semelhantes) ao longo de suas bordas, pontas ou faces, mesmo aplainada, polida ou unida pelas extremidades.";123508108
2005;"União Europeia - UE";8215;"Outros móveis, de madeira";118696152
2005;"União Europeia - UE";6114;"Couros e peles de bovinos (incluindo os búfalos) ou de equídeos, curtidos ou em crosta ou não preparados após curtimento ou após secagem, depilados, mesmo divididos";115496407
2005;"União Europeia - UE";2461;"Madeira em estilhas ou em partículas";110946040
2005;"União Europeia - UE";2462;"Serragem e resíduos de madeira e sucata, mesmo aglomerados em bolas, briquetes, pellets ou em formas semelhantes";76858500
2005;"União Europeia - UE";0111;"Carne bovina fresca ou refrigerada";65175026
2005;"União Europeia - UE";6345;"Painéis de fibras de madeira ou de outras matérias lenhosas, mesmo aglomeradas com resinas ou outras substâncias orgânicas";57844546
2005;"União Europeia - UE";2482;"Madeira de coníferas, serrada ou fendida longitudinalmente, cortada ou desenrolada, mesmo aplainada, polida ou unida pelas extremidades, de espessura superior a 6 mm";55376452
2005;"União Europeia - UE";6349;"Madeira, em forma simples";20219436
2005;"União Europeia - UE";6359;"Outros artigos manufaturados de madeira";19252310
2005;"União Europeia - UE";6342;"Madeira densificada e painéis de partículas, painéis de partículas orientadas (OSB) e painéis semelhantes, de madeira ou de outras matérias lenhosas";17133476
2005;"União Europeia - UE";6341;"Folhas para folheados,folhas para contraplacados ou para madeiras estratificadas semelhantes e outras madeiras,serradas longitudinalmente, cortada ou desenrolada,mesmo aplainada,polida ou unidas longitudinalmente ou pelas extremidades, espessura <= 6 mm";15762796
2005;"União Europeia - UE";0713;"Extratos, essências e concentrados de café e preparações à base destes produtos ou à base de café, sucedâneos do café e respectivos extractos, essências e concentrados";15412422
2005;"União Europeia - UE";2474;"Madeira de coníferas, em bruto (mesmo descascada ou alburno) ou simplesmente esquadriada, mas não tratada com tinta, corantes ou outros conservantes.";9686290
2005;"União Europeia - UE";4222;"Óleo de palma e suas frações";6177579
2005;"União Europeia - UE";2450;"Lenha (excluindo resíduos de madeira) e carvão vegetal";4276213
2005;"União Europeia - UE";2483;"Madeira de coníferas, perfilada (com espigas, ranhuras, filetes, entalhes, chanfrada, com juntas em V, com cercadura, boleada ou semelhantes) ao longo de uma ou mais bordas ou faces, mesmo ou não aplainada, polida ou unida pelas extremidades.";4121762
2005;"União Europeia - UE";2322;"Borracha reconstituída, desperdícios e resíduos de borracha não endurecida";3732607
2005;"União Europeia - UE";6299;"Disco de borracha, obras de borracha endurecida ou de borracha vulcanizada não endurecida";2204797
2005;"União Europeia - UE";0712;"Café torrado";1261792
2005;"União Europeia - UE";6213;"Fios e cabos de borracha vulcanizada , chapas, folhas, tiras, varetas e perfis, de borracha vulcanizada não endurecida";965717
2005;"União Europeia - UE";2475;"Madeira de espécies não coníferas, em bruto (mesmo descascada ou alburno) ou simplesmente esquadriada, mas não tratada com tinta, manchas ou outros agentes de conservação das madeiras tropicais";872950
2005;"União Europeia - UE";6354;"Manufaturas de madeira para uso doméstico ou decorativo (exceto móveis)";826324
2005;"União Europeia - UE";6211;"Borracha misturada, não vulcanizada, em formas primárias ou em chapas, folhas ou tiras";679315
2005;"União Europeia - UE";2479;"Outras madeiras em bruto ou simplesmente esquadriada";677680
2005;"União Europeia - UE";2112;"Couros e peles de bovinos (incluindo os búfalos) ou de equídeos (frescos, ou salgados, secos, em conserva ou conservados de outro modo, mas não curtidos, apergaminhados ou preparadas de outro modo), ou não depilados ou divididos";639260
2005;"União Europeia - UE";2481;"Dormentes de madeira ou dormentes transversais";615067
2005;"União Europeia - UE";6214;"Tubos, canos e mangueiras, de borracha vulcanizada não endurecida, com ou sem seus acessórios (por exemplo, juntas, cotovelos, bridas).";411167
2005;"União Europeia - UE";6292;"Correias transportadoras ou de transmissão, de borracha vulcanizada";353021
2005;"União Europeia - UE";6212;"Outras formas (ex. varetas, tubos, perfis) e artigos (por exemplo, discos, arruelas), de borracha não vulcanizada";34086
2004;"União Europeia - UE";2222;Soja;8675662962
2004;"União Europeia - UE";0711;"Café não torrado, mesmo descafeinado";857949250
2004;"União Europeia - UE";2484;"Madeira de espécies não coníferas especificada na posição 2475 serrada ou fendida longitudinalmente, cortada ou desenrolada, mesmo aplainada, polida ou unida pelas extremidades, de espessura superior a 6 mm";606318337
2004;"União Europeia - UE";6343;"Madeira compensada, madeira folheada e madeiras estratificadas semelhantes";447488447
2004;"União Europeia - UE";6114;"Couros e peles de bovinos (incluindo os búfalos) ou de equídeos, curtidos ou em crosta ou não preparados após curtimento ou após secagem, depilados, mesmo divididos";127562649
2004;"União Europeia - UE";0112;"Carne bovina congelada";127082236
2004;"União Europeia - UE";8215;"Outros móveis, de madeira";126694169
2004;"União Europeia - UE";2462;"Serragem e resíduos de madeira e sucata, mesmo aglomerados em bolas, briquetes, pellets ou em formas semelhantes";121958030
2004;"União Europeia - UE";2485;"Madeira de espécies não coníferas, perfilada (com espigas, ranhuras, filetes, entalhes, chanfrada, com juntas em V, com cercadura, boleada ou semelhantes) ao longo de suas bordas, pontas ou faces, mesmo aplainada, polida ou unida pelas extremidades.";111098216
2004;"União Europeia - UE";2461;"Madeira em estilhas ou em partículas";93034970
2004;"União Europeia - UE";2482;"Madeira de coníferas, serrada ou fendida longitudinalmente, cortada ou desenrolada, mesmo aplainada, polida ou unida pelas extremidades, de espessura superior a 6 mm";80943739
2004;"União Europeia - UE";4211;"Óleo de soja e respectivas frações";75860931
2004;"União Europeia - UE";0111;"Carne bovina fresca ou refrigerada";57199559
2004;"União Europeia - UE";6345;"Painéis de fibras de madeira ou de outras matérias lenhosas, mesmo aglomeradas com resinas ou outras substâncias orgânicas";56257939
2004;"União Europeia - UE";2474;"Madeira de coníferas, em bruto (mesmo descascada ou alburno) ou simplesmente esquadriada, mas não tratada com tinta, corantes ou outros conservantes.";44406182
2004;"União Europeia - UE";6349;"Madeira, em forma simples";24284943
2004;"União Europeia - UE";6359;"Outros artigos manufaturados de madeira";19050086
2004;"União Europeia - UE";6342;"Madeira densificada e painéis de partículas, painéis de partículas orientadas (OSB) e painéis semelhantes, de madeira ou de outras matérias lenhosas";15907321
2004;"União Europeia - UE";0713;"Extratos, essências e concentrados de café e preparações à base destes produtos ou à base de café, sucedâneos do café e respectivos extractos, essências e concentrados";15130049
2004;"União Europeia - UE";6341;"Folhas para folheados,folhas para contraplacados ou para madeiras estratificadas semelhantes e outras madeiras,serradas longitudinalmente, cortada ou desenrolada,mesmo aplainada,polida ou unidas longitudinalmente ou pelas extremidades, espessura <= 6 mm";14671500
2004;"União Europeia - UE";2450;"Lenha (excluindo resíduos de madeira) e carvão vegetal";11559288
2004;"União Europeia - UE";4222;"Óleo de palma e suas frações";9982631
2004;"União Europeia - UE";2322;"Borracha reconstituída, desperdícios e resíduos de borracha não endurecida";3993300
2004;"União Europeia - UE";2475;"Madeira de espécies não coníferas, em bruto (mesmo descascada ou alburno) ou simplesmente esquadriada, mas não tratada com tinta, manchas ou outros agentes de conservação das madeiras tropicais";3405000
2004;"União Europeia - UE";6213;"Fios e cabos de borracha vulcanizada , chapas, folhas, tiras, varetas e perfis, de borracha vulcanizada não endurecida";2202691
2004;"União Europeia - UE";6299;"Disco de borracha, obras de borracha endurecida ou de borracha vulcanizada não endurecida";1464424
2004;"União Europeia - UE";6354;"Manufaturas de madeira para uso doméstico ou decorativo (exceto móveis)";1349646
2004;"União Europeia - UE";2483;"Madeira de coníferas, perfilada (com espigas, ranhuras, filetes, entalhes, chanfrada, com juntas em V, com cercadura, boleada ou semelhantes) ao longo de uma ou mais bordas ou faces, mesmo ou não aplainada, polida ou unida pelas extremidades.";1342721
2004;"União Europeia - UE";0712;"Café torrado";988523
2004;"União Europeia - UE";2481;"Dormentes de madeira ou dormentes transversais";747323
2004;"União Europeia - UE";2112;"Couros e peles de bovinos (incluindo os búfalos) ou de equídeos (frescos, ou salgados, secos, em conserva ou conservados de outro modo, mas não curtidos, apergaminhados ou preparadas de outro modo), ou não depilados ou divididos";569272
2004;"União Europeia - UE";6211;"Borracha misturada, não vulcanizada, em formas primárias ou em chapas, folhas ou tiras";509963
2004;"União Europeia - UE";6214;"Tubos, canos e mangueiras, de borracha vulcanizada não endurecida, com ou sem seus acessórios (por exemplo, juntas, cotovelos, bridas).";467125
2004;"União Europeia - UE";6292;"Correias transportadoras ou de transmissão, de borracha vulcanizada";459059
2004;"União Europeia - UE";6212;"Outras formas (ex. varetas, tubos, perfis) e artigos (por exemplo, discos, arruelas), de borracha não vulcanizada";16648
2004;"União Europeia - UE";0175;"Carne e miudezas (exceto fígado) de bovinos, preparado ou preservado";240
2004;"União Europeia - UE";2311;"Látex de borracha natural, mesmo pré-vulcanizado";49
2003;"União Europeia - UE";2222;Soja;10134615813
2003;"União Europeia - UE";0711;"Café não torrado, mesmo descafeinado";772096805
2003;"União Europeia - UE";2484;"Madeira de espécies não coníferas especificada na posição 2475 serrada ou fendida longitudinalmente, cortada ou desenrolada, mesmo aplainada, polida ou unida pelas extremidades, de espessura superior a 6 mm";462262284
2003;"União Europeia - UE";6343;"Madeira compensada, madeira folheada e madeiras estratificadas semelhantes";391075713
2003;"União Europeia - UE";6114;"Couros e peles de bovinos (incluindo os búfalos) ou de equídeos, curtidos ou em crosta ou não preparados após curtimento ou após secagem, depilados, mesmo divididos";128024755
2003;"União Europeia - UE";8215;"Outros móveis, de madeira";111074141
2003;"União Europeia - UE";2482;"Madeira de coníferas, serrada ou fendida longitudinalmente, cortada ou desenrolada, mesmo aplainada, polida ou unida pelas extremidades, de espessura superior a 6 mm";102422679
2003;"União Europeia - UE";2462;"Serragem e resíduos de madeira e sucata, mesmo aglomerados em bolas, briquetes, pellets ou em formas semelhantes";100510300
2003;"União Europeia - UE";0112;"Carne bovina congelada";84147684
2003;"União Europeia - UE";2485;"Madeira de espécies não coníferas, perfilada (com espigas, ranhuras, filetes, entalhes, chanfrada, com juntas em V, com cercadura, boleada ou semelhantes) ao longo de suas bordas, pontas ou faces, mesmo aplainada, polida ou unida pelas extremidades.";65756167
2003;"União Europeia - UE";6345;"Painéis de fibras de madeira ou de outras matérias lenhosas, mesmo aglomeradas com resinas ou outras substâncias orgânicas";58656934
2003;"União Europeia - UE";2461;"Madeira em estilhas ou em partículas";56412938
2003;"União Europeia - UE";0111;"Carne bovina fresca ou refrigerada";44834561
2003;"União Europeia - UE";4211;"Óleo de soja e respectivas frações";32248460
2003;"União Europeia - UE";6359;"Outros artigos manufaturados de madeira";17779569
2003;"União Europeia - UE";0713;"Extratos, essências e concentrados de café e preparações à base destes produtos ou à base de café, sucedâneos do café e respectivos extractos, essências e concentrados";14081733
2003;"União Europeia - UE";6341;"Folhas para folheados,folhas para contraplacados ou para madeiras estratificadas semelhantes e outras madeiras,serradas longitudinalmente, cortada ou desenrolada,mesmo aplainada,polida ou unidas longitudinalmente ou pelas extremidades, espessura <= 6 mm";12403355
2003;"União Europeia - UE";2474;"Madeira de coníferas, em bruto (mesmo descascada ou alburno) ou simplesmente esquadriada, mas não tratada com tinta, corantes ou outros conservantes.";10495510
2003;"União Europeia - UE";2450;"Lenha (excluindo resíduos de madeira) e carvão vegetal";9704335
2003;"União Europeia - UE";6342;"Madeira densificada e painéis de partículas, painéis de partículas orientadas (OSB) e painéis semelhantes, de madeira ou de outras matérias lenhosas";7510713
2003;"União Europeia - UE";6349;"Madeira, em forma simples";5330028
2003;"União Europeia - UE";2322;"Borracha reconstituída, desperdícios e resíduos de borracha não endurecida";4008605
2003;"União Europeia - UE";6213;"Fios e cabos de borracha vulcanizada , chapas, folhas, tiras, varetas e perfis, de borracha vulcanizada não endurecida";1668634
2003;"União Europeia - UE";2483;"Madeira de coníferas, perfilada (com espigas, ranhuras, filetes, entalhes, chanfrada, com juntas em V, com cercadura, boleada ou semelhantes) ao longo de uma ou mais bordas ou faces, mesmo ou não aplainada, polida ou unida pelas extremidades.";1564409
2003;"União Europeia - UE";2112;"Couros e peles de bovinos (incluindo os búfalos) ou de equídeos (frescos, ou salgados, secos, em conserva ou conservados de outro modo, mas não curtidos, apergaminhados ou preparadas de outro modo), ou não depilados ou divididos";1047951
2003;"União Europeia - UE";2475;"Madeira de espécies não coníferas, em bruto (mesmo descascada ou alburno) ou simplesmente esquadriada, mas não tratada com tinta, manchas ou outros agentes de conservação das madeiras tropicais";1022400
2003;"União Europeia - UE";6354;"Manufaturas de madeira para uso doméstico ou decorativo (exceto móveis)";857143
2003;"União Europeia - UE";6299;"Disco de borracha, obras de borracha endurecida ou de borracha vulcanizada não endurecida";702924
2003;"União Europeia - UE";0712;"Café torrado";570154
2003;"União Europeia - UE";4222;"Óleo de palma e suas frações";511891
2003;"União Europeia - UE";6214;"Tubos, canos e mangueiras, de borracha vulcanizada não endurecida, com ou sem seus acessórios (por exemplo, juntas, cotovelos, bridas).";500040
2003;"União Europeia - UE";6211;"Borracha misturada, não vulcanizada, em formas primárias ou em chapas, folhas ou tiras";320670
2003;"União Europeia - UE";6292;"Correias transportadoras ou de transmissão, de borracha vulcanizada";288942
2003;"União Europeia - UE";2473;"Madeira em bruto (mesmo descascada ou alburno) ou simplesmente esquadriada, tratada com tinta, corantes ou outros agentes de conservação";212000
2003;"União Europeia - UE";2481;"Dormentes de madeira ou dormentes transversais";202642
2003;"União Europeia - UE";6212;"Outras formas (ex. varetas, tubos, perfis) e artigos (por exemplo, discos, arruelas), de borracha não vulcanizada";13628
2003;"União Europeia - UE";2311;"Látex de borracha natural, mesmo pré-vulcanizado";2790
2003;"União Europeia - UE";0175;"Carne e miudezas (exceto fígado) de bovinos, preparado ou preservado";1054
2002;"União Europeia - UE";2222;Soja;8649214058
2002;"União Europeia - UE";0711;"Café não torrado, mesmo descafeinado";919794460
2002;"União Europeia - UE";2484;"Madeira de espécies não coníferas especificada na posição 2475 serrada ou fendida longitudinalmente, cortada ou desenrolada, mesmo aplainada, polida ou unida pelas extremidades, de espessura superior a 6 mm";395015307
2002;"União Europeia - UE";2474;"Madeira de coníferas, em bruto (mesmo descascada ou alburno) ou simplesmente esquadriada, mas não tratada com tinta, corantes ou outros conservantes.";333991728
2002;"União Europeia - UE";6343;"Madeira compensada, madeira folheada e madeiras estratificadas semelhantes";324577905
2002;"União Europeia - UE";6114;"Couros e peles de bovinos (incluindo os búfalos) ou de equídeos, curtidos ou em crosta ou não preparados após curtimento ou após secagem, depilados, mesmo divididos";138137023
2002;"União Europeia - UE";8215;"Outros móveis, de madeira";84405589
2002;"União Europeia - UE";2482;"Madeira de coníferas, serrada ou fendida longitudinalmente, cortada ou desenrolada, mesmo aplainada, polida ou unida pelas extremidades, de espessura superior a 6 mm";80702777
2002;"União Europeia - UE";0112;"Carne bovina congelada";71716118
2002;"União Europeia - UE";2461;"Madeira em estilhas ou em partículas";69965890
2002;"União Europeia - UE";6345;"Painéis de fibras de madeira ou de outras matérias lenhosas, mesmo aglomeradas com resinas ou outras substâncias orgânicas";50147580
2002;"União Europeia - UE";2485;"Madeira de espécies não coníferas, perfilada (com espigas, ranhuras, filetes, entalhes, chanfrada, com juntas em V, com cercadura, boleada ou semelhantes) ao longo de suas bordas, pontas ou faces, mesmo aplainada, polida ou unida pelas extremidades.";39196548
2002;"União Europeia - UE";0111;"Carne bovina fresca ou refrigerada";33696590
2002;"União Europeia - UE";6359;"Outros artigos manufaturados de madeira";16403471
2002;"União Europeia - UE";0713;"Extratos, essências e concentrados de café e preparações à base destes produtos ou à base de café, sucedâneos do café e respectivos extractos, essências e concentrados";14486700
2002;"União Europeia - UE";6341;"Folhas para folheados,folhas para contraplacados ou para madeiras estratificadas semelhantes e outras madeiras,serradas longitudinalmente, cortada ou desenrolada,mesmo aplainada,polida ou unidas longitudinalmente ou pelas extremidades, espessura <= 6 mm";11055758
2002;"União Europeia - UE";6342;"Madeira densificada e painéis de partículas, painéis de partículas orientadas (OSB) e painéis semelhantes, de madeira ou de outras matérias lenhosas";7560708
2002;"União Europeia - UE";2450;"Lenha (excluindo resíduos de madeira) e carvão vegetal";6197398
2002;"União Europeia - UE";2322;"Borracha reconstituída, desperdícios e resíduos de borracha não endurecida";5536420
2002;"União Europeia - UE";4211;"Óleo de soja e respectivas frações";5195928
2002;"União Europeia - UE";2475;"Madeira de espécies não coníferas, em bruto (mesmo descascada ou alburno) ou simplesmente esquadriada, mas não tratada com tinta, manchas ou outros agentes de conservação das madeiras tropicais";4004429
2002;"União Europeia - UE";2112;"Couros e peles de bovinos (incluindo os búfalos) ou de equídeos (frescos, ou salgados, secos, em conserva ou conservados de outro modo, mas não curtidos, apergaminhados ou preparadas de outro modo), ou não depilados ou divididos";2493334
2002;"União Europeia - UE";4222;"Óleo de palma e suas frações";2259262
2002;"União Europeia - UE";2483;"Madeira de coníferas, perfilada (com espigas, ranhuras, filetes, entalhes, chanfrada, com juntas em V, com cercadura, boleada ou semelhantes) ao longo de uma ou mais bordas ou faces, mesmo ou não aplainada, polida ou unida pelas extremidades.";2099432
2002;"União Europeia - UE";6213;"Fios e cabos de borracha vulcanizada , chapas, folhas, tiras, varetas e perfis, de borracha vulcanizada não endurecida";1034875
2002;"União Europeia - UE";6299;"Disco de borracha, obras de borracha endurecida ou de borracha vulcanizada não endurecida";782958
2002;"União Europeia - UE";6354;"Manufaturas de madeira para uso doméstico ou decorativo (exceto móveis)";493984
2002;"União Europeia - UE";6214;"Tubos, canos e mangueiras, de borracha vulcanizada não endurecida, com ou sem seus acessórios (por exemplo, juntas, cotovelos, bridas).";414268
2002;"União Europeia - UE";0712;"Café torrado";394917
2002;"União Europeia - UE";6211;"Borracha misturada, não vulcanizada, em formas primárias ou em chapas, folhas ou tiras";269793
2002;"União Europeia - UE";2473;"Madeira em bruto (mesmo descascada ou alburno) ou simplesmente esquadriada, tratada com tinta, corantes ou outros agentes de conservação";130000
2002;"União Europeia - UE";6292;"Correias transportadoras ou de transmissão, de borracha vulcanizada";128079
2002;"União Europeia - UE";6349;"Madeira, em forma simples";62793
2002;"União Europeia - UE";6212;"Outras formas (ex. varetas, tubos, perfis) e artigos (por exemplo, discos, arruelas), de borracha não vulcanizada";3782
2001;"União Europeia - UE";2222;Soja;9341767324
2001;"União Europeia - UE";0711;"Café não torrado, mesmo descafeinado";757728639
2001;"União Europeia - UE";2484;"Madeira de espécies não coníferas especificada na posição 2475 serrada ou fendida longitudinalmente, cortada ou desenrolada, mesmo aplainada, polida ou unida pelas extremidades, de espessura superior a 6 mm";370082392
2001;"União Europeia - UE";2474;"Madeira de coníferas, em bruto (mesmo descascada ou alburno) ou simplesmente esquadriada, mas não tratada com tinta, corantes ou outros conservantes.";335540667
2001;"União Europeia - UE";6343;"Madeira compensada, madeira folheada e madeiras estratificadas semelhantes";321169234
2001;"União Europeia - UE";6114;"Couros e peles de bovinos (incluindo os búfalos) ou de equídeos, curtidos ou em crosta ou não preparados após curtimento ou após secagem, depilados, mesmo divididos";140048630
2001;"União Europeia - UE";2461;"Madeira em estilhas ou em partículas";98260320
2001;"União Europeia - UE";2482;"Madeira de coníferas, serrada ou fendida longitudinalmente, cortada ou desenrolada, mesmo aplainada, polida ou unida pelas extremidades, de espessura superior a 6 mm";76095330
2001;"União Europeia - UE";8215;"Outros móveis, de madeira";72146866
2001;"União Europeia - UE";0112;"Carne bovina congelada";69451846
2001;"União Europeia - UE";6345;"Painéis de fibras de madeira ou de outras matérias lenhosas, mesmo aglomeradas com resinas ou outras substâncias orgânicas";47168521
2001;"União Europeia - UE";2485;"Madeira de espécies não coníferas, perfilada (com espigas, ranhuras, filetes, entalhes, chanfrada, com juntas em V, com cercadura, boleada ou semelhantes) ao longo de suas bordas, pontas ou faces, mesmo aplainada, polida ou unida pelas extremidades.";33477699
2001;"União Europeia - UE";0111;"Carne bovina fresca ou refrigerada";31938888
2001;"União Europeia - UE";2479;"Outras madeiras em bruto ou simplesmente esquadriada";15750000
2001;"União Europeia - UE";0713;"Extratos, essências e concentrados de café e preparações à base destes produtos ou à base de café, sucedâneos do café e respectivos extractos, essências e concentrados";15111833
2001;"União Europeia - UE";6342;"Madeira densificada e painéis de partículas, painéis de partículas orientadas (OSB) e painéis semelhantes, de madeira ou de outras matérias lenhosas";13505712
2001;"União Europeia - UE";6359;"Outros artigos manufaturados de madeira";13161050
2001;"União Europeia - UE";4211;"Óleo de soja e respectivas frações";12602430
2001;"União Europeia - UE";4222;"Óleo de palma e suas frações";10859394
2001;"União Europeia - UE";6341;"Folhas para folheados,folhas para contraplacados ou para madeiras estratificadas semelhantes e outras madeiras,serradas longitudinalmente, cortada ou desenrolada,mesmo aplainada,polida ou unidas longitudinalmente ou pelas extremidades, espessura <= 6 mm";10854891
2001;"União Europeia - UE";2475;"Madeira de espécies não coníferas, em bruto (mesmo descascada ou alburno) ou simplesmente esquadriada, mas não tratada com tinta, manchas ou outros agentes de conservação das madeiras tropicais";6608500
2001;"União Europeia - UE";2322;"Borracha reconstituída, desperdícios e resíduos de borracha não endurecida";5596100
2001;"União Europeia - UE";2450;"Lenha (excluindo resíduos de madeira) e carvão vegetal";3987050
2001;"União Europeia - UE";2483;"Madeira de coníferas, perfilada (com espigas, ranhuras, filetes, entalhes, chanfrada, com juntas em V, com cercadura, boleada ou semelhantes) ao longo de uma ou mais bordas ou faces, mesmo ou não aplainada, polida ou unida pelas extremidades.";2114912
2001;"União Europeia - UE";2112;"Couros e peles de bovinos (incluindo os búfalos) ou de equídeos (frescos, ou salgados, secos, em conserva ou conservados de outro modo, mas não curtidos, apergaminhados ou preparadas de outro modo), ou não depilados ou divididos";2099901
2001;"União Europeia - UE";6213;"Fios e cabos de borracha vulcanizada , chapas, folhas, tiras, varetas e perfis, de borracha vulcanizada não endurecida";1066579
2001;"União Europeia - UE";6299;"Disco de borracha, obras de borracha endurecida ou de borracha vulcanizada não endurecida";748136
2001;"União Europeia - UE";6354;"Manufaturas de madeira para uso doméstico ou decorativo (exceto móveis)";445998
2001;"União Europeia - UE";6214;"Tubos, canos e mangueiras, de borracha vulcanizada não endurecida, com ou sem seus acessórios (por exemplo, juntas, cotovelos, bridas).";290977
2001;"União Europeia - UE";6211;"Borracha misturada, não vulcanizada, em formas primárias ou em chapas, folhas ou tiras";194215
2001;"União Europeia - UE";6292;"Correias transportadoras ou de transmissão, de borracha vulcanizada";132849
2001;"União Europeia - UE";0712;"Café torrado";65294
2001;"União Europeia - UE";2473;"Madeira em bruto (mesmo descascada ou alburno) ou simplesmente esquadriada, tratada com tinta, corantes ou outros agentes de conservação";52000
2001;"União Europeia - UE";0175;"Carne e miudezas (exceto fígado) de bovinos, preparado ou preservado";4435
2001;"União Europeia - UE";6212;"Outras formas (ex. varetas, tubos, perfis) e artigos (por exemplo, discos, arruelas), de borracha não vulcanizada";3717
2001;"União Europeia - UE";6349;"Madeira, em forma simples";2225
2001;"União Europeia - UE";2311;"Látex de borracha natural, mesmo pré-vulcanizado";1
